p,J,ABC-MCMC,GPS-ABC,DNN-ABC
0.0001,10,0.00026195361046634717,0.0003105901223880803,0.0002446082553245486
0.0001,50,0.00015581066454004017,0.00015020737298059164,0.00014402882807652842
0.0001,100,0.00012120739579559612,0.00011612910245454963,0.00011595574956292372
0.001,10,0.002799107321431847,0.003319726136523875,0.002452999084084696
0.001,50,0.0014323382418353976,0.0016634462952975076,0.0012875966176957646
0.001,100,0.0009704939830480375,0.00120161446619091,0.000880548873376914
0.01,10,0.01826010957246969,0.019601516556440168,0.018892446661721816
0.01,50,0.01158444226773989,0.017424077986083173,0.010351133893454798
0.01,100,0.007727246026740462,0.012474027388587484,0.006802228636562389
