p,J,MOM,MOM_nrmse,MLE,MLE_nrmse,ABC-MCMC,ABC-MCMC_nrmse,GPS-ABC,GPS-ABC_nrmse,DNN-ABC,DNN-ABC_nrmse
0.0001,10,9.358860466081932e-09,0.9674120355919669,1.0240221750739258e-08,1.0119398080290771,5.9540561513263515e-09,0.771625307472892,7.01281729055381e-09,0.8374256558378069,5.247344797222377e-09,0.7243855877377998
0.0001,50,8.680106716711517e-09,0.9316709030935503,9.587225798088421e-09,0.9791437993516795,1.9084949927767816e-09,0.43686325008826066,1.983697617216051e-09,0.4453872042634421,1.7736345400791911e-09,0.42114540720268945
0.0001,100,4.175995403869747e-09,0.6462194212393919,4.636327646431136e-09,0.68090584124614,7.754240117066294e-10,0.2784643624786894,7.947065590912494e-10,0.2819054024120945,7.678796498367825e-10,0.2771064145480545
0.001,10,1.377246843226435e-06,1.1735616060635399,1.5951154620599193e-06,1.2629788050715338,4.109276311739969e-07,0.6410363727387057,6.457070469079473e-07,0.8035589878210232,4.578934115853078e-07,0.6766782186425891
0.001,50,3.2111228729644886e-07,0.5666677044763084,3.845208831056157e-07,0.6200974787125132,1.1123950733328504e-07,0.3335258720598524,1.1054443386681063e-07,0.3324822309038644,1.3284349785190095e-07,0.36447701964856566
0.001,100,2.706944057167879e-07,0.520283005408391,3.287785706929083e-07,0.5733921613458876,4.2894558674174566e-08,0.20711001587121414,4.4767561211491345e-08,0.21158346157365734,4.4220844236828294e-08,0.21028752753510677
0.01,10,3.42068412271376e-05,0.5848661490216168,4.402148497491486e-05,0.6634868873980468,1.668636692155912e-05,0.40848949706888577,1.7732466842379806e-05,0.4210993569501123,2.3014668895235723e-05,0.4797360617593358
0.01,50,7.710924946019042e-06,0.2776855225973987,1.1736540705302785e-05,0.3425863497762686,7.013704280941312e-06,0.264833991038562,5.460645057170751e-06,0.23368023145252897,9.930137353982475e-06,0.31512120452268005
0.01,100,4.011325676904322e-06,0.20028294178247738,6.079892554088739e-06,0.2465743813555808,3.0493241405207293e-06,0.1746231410930616,3.1439651833572924e-06,0.1773123002884259,3.3669420526178597e-06,0.1834922901000982
