mse_mean,mse_obs,nll,cover95,sd_mse_mean,name,secs,params
0.0003474531792259465,0.0006907964125275612,-3.8878360589345298,0.9498333333333333,4.781375059804837e-06,mlp 256-128-64 gelu,20.574236075083416,42306
0.00034805003087967634,0.0006913932544800142,-3.8879223664601645,0.9496666666666668,1.3692555895832734e-06,resmlp w128 x2 silu,351.48433963457745,67842
0.000350594287738204,0.0006939375307410955,-3.8862715562184653,0.9484166666666667,2.8254119679232265e-06,mlp 256-128-64 gelu +LayerNorm,34.110171953837074,43202
0.0003524592126874874,0.0006958024265865485,-3.8878124554951987,0.9495,4.177609550379135e-06,resmlp w128 x3 silu,54.858724196751915,101378
0.00035451411774071556,0.0006978573316397766,-3.880427678426107,0.9485833333333332,1.815494247240981e-06,mlp 256-128-64 tanh,26.555369297663372,42306
0.0003565653363087525,0.0006999085696103672,-3.876370350519816,0.9411666666666667,2.666806377140192e-06,mlp 256-128-64 relu,16.155551274617512,42306
0.0003581513010431081,0.0007014945343447229,-3.8807477951049805,0.9510833333333334,1.3196894521198834e-06,mlp 128-64 gelu            [1-D shape],16.22332501411438,8898
0.00035878490113342804,0.0007021281441363195,-3.876725912094116,0.9499166666666666,2.0276054090989223e-06,mlp 128-128-64 silu,26.45851429303487,25410
0.00037485888848702115,0.0007182021314899126,-3.8662237326304116,0.9516666666666667,4.845262896746536e-06,mlp 64-32 gelu             [small],19.687269290288288,2402
