act1,act2,seed,val_mse,val_cov,test_mse,test_cov
relu,leakyrelu,1,0.00029995330260135233,0.9503333333333334,0.00036601873580366373,0.95025
relu,tanh,1,0.00030695542227476835,0.9503333333333334,0.0003764900902751833,0.953
relu,relu,1,0.0003029437502846122,0.9503333333333334,0.00036956428084522486,0.9565
relu,elu,0,0.0003072673571296036,0.9503333333333334,0.0003775128861889243,0.949
relu,elu,1,0.00030499405693262815,0.9503333333333334,0.0003785922599490732,0.9535
relu,leakyrelu,0,0.0003108458186034113,0.9503333333333334,0.0003810162015724927,0.95275
relu,relu,0,0.00031558252521790564,0.9503333333333334,0.0003686495765578002,0.95575
relu,prelu,0,0.000321142899338156,0.9503333333333334,0.00037223732215352356,0.94775
relu,prelu,1,0.00034890108508989215,0.9503333333333334,0.0003984642680734396,0.9525
relu,tanh,0,0.0003183978842571378,0.9503333333333334,0.0003863084421027452,0.95625
relu,selu,1,0.00031751178903505206,0.9503333333333334,0.0003904054465238005,0.95175
relu,softplus,0,0.0003123313363175839,0.9503333333333334,0.0003779263061005622,0.9525
relu,selu,0,0.0003454173856880516,0.9503333333333334,0.0003931405080948025,0.95075
relu,gelu,1,0.0003146537346765399,0.9503333333333334,0.0003637642366811633,0.95225
relu,silu,1,0.0003190496645402163,0.9503333333333334,0.0003766189911402762,0.95
leakyrelu,relu,1,0.0003079807502217591,0.9503333333333334,0.0003747785813175142,0.95325
relu,softplus,1,0.0003173954028170556,0.9503333333333334,0.00038214909727685153,0.95225
relu,mish,1,0.00032590972841717303,0.9503333333333334,0.0003756784135475755,0.9535
relu,gelu,0,0.00030074501410126686,0.9503333333333334,0.0003664653922896832,0.95175
relu,silu,0,0.0003235775511711836,0.9503333333333334,0.00037775939563289285,0.94725
leakyrelu,leakyrelu,1,0.0003010608197655529,0.9503333333333334,0.00036750512663275003,0.94925
relu,mish,0,0.00032183967414312065,0.9503333333333334,0.0003816610260400921,0.95075
leakyrelu,relu,0,0.0003124527574982494,0.9503333333333334,0.00037140215863473713,0.95575
leakyrelu,leakyrelu,0,0.00030620163306593895,0.9503333333333334,0.00036991084925830364,0.95525
leakyrelu,tanh,1,0.0003038843278773129,0.9503333333333334,0.0003768856404349208,0.955
leakyrelu,prelu,1,0.0003518544544931501,0.9503333333333334,0.0004001065099146217,0.95325
leakyrelu,prelu,0,0.00032262897002510726,0.9503333333333334,0.000375501811504364,0.95025
leakyrelu,tanh,0,0.0003172994765918702,0.9503333333333334,0.0003912158717866987,0.9555
leakyrelu,selu,1,0.00033410650212317705,0.9503333333333334,0.0003936220018658787,0.95275
leakyrelu,elu,1,0.00031102108187042177,0.9503333333333334,0.00038542653783224523,0.95175
leakyrelu,elu,0,0.00031112725264392793,0.9503333333333334,0.000386939849704504,0.95125
leakyrelu,gelu,0,0.0003012451343238354,0.9503333333333334,0.0003670671721920371,0.94975
leakyrelu,selu,0,0.00034502745256759226,0.9503333333333334,0.0003905748017132282,0.953
leakyrelu,softplus,0,0.00031241620308719575,0.9503333333333334,0.0003758684906642884,0.95525
leakyrelu,softplus,1,0.00031722657149657607,0.9503333333333334,0.00037565629463642836,0.95075
leakyrelu,mish,1,0.00032638711854815483,0.9503333333333334,0.00037557343603111804,0.95375
leakyrelu,silu,1,0.0003175928723067045,0.9503333333333334,0.0003792618808802217,0.95075
leakyrelu,gelu,1,0.0003185906389262527,0.9503333333333334,0.0003629328857641667,0.954
leakyrelu,silu,0,0.00032270612427964807,0.9503333333333334,0.0003877291164826602,0.9505
prelu,leakyrelu,0,0.0003047564532607794,0.9503333333333334,0.00036444407305680215,0.956
prelu,relu,0,0.00030008380417712033,0.9503333333333334,0.00037189119029790163,0.9565
prelu,relu,1,0.00029884991818107665,0.9503333333333334,0.0003657105553429574,0.9545
leakyrelu,mish,0,0.0003189542330801487,0.9503333333333334,0.0003825190069619566,0.95
prelu,tanh,1,0.000298551341984421,0.9503333333333334,0.0003686849377118051,0.95225
prelu,leakyrelu,1,0.0003190077259205282,0.9503333333333334,0.0003790095797739923,0.95
prelu,prelu,0,0.00033528642961755395,0.9503333333333334,0.00038494181353598833,0.95525
prelu,tanh,0,0.00031371699878945947,0.9503333333333334,0.00038060997030697763,0.95425
prelu,prelu,1,0.00036061418359167874,0.9503333333333334,0.0003979093162342906,0.952
prelu,elu,0,0.0003437224659137428,0.9503333333333334,0.00039234990254044533,0.95725
prelu,gelu,0,0.00031754589872434735,0.9503333333333334,0.0003669368161354214,0.95725
prelu,elu,1,0.00032032537274062634,0.9503333333333334,0.00039146828930824995,0.9535
prelu,selu,0,0.00036842585541307926,0.9503333333333334,0.00041117111686617136,0.96
prelu,softplus,0,0.0003239296202082187,0.9503333333333334,0.00038167237653397024,0.954
prelu,selu,1,0.00033877656096592546,0.9503333333333334,0.00039013713831081986,0.9535
prelu,silu,1,0.00031943671638146043,0.9503333333333334,0.0003751472395379096,0.95525
prelu,softplus,1,0.00031333003425970674,0.9503333333333334,0.00037175131728872657,0.957
tanh,relu,0,0.00030432891799136996,0.9503333333333334,0.0003699152439367026,0.95575
prelu,gelu,1,0.0003116889565717429,0.9503333333333334,0.0003726619470398873,0.95375
prelu,silu,0,0.00032839123741723597,0.9503333333333334,0.00038488165591843426,0.95625
prelu,mish,0,0.0003212769515812397,0.9503333333333334,0.00038221015711314976,0.9555
tanh,leakyrelu,0,0.0003318622475489974,0.9503333333333334,0.00039481991552747786,0.95575
tanh,relu,1,0.00032403654768131673,0.9503333333333334,0.00039654242573305964,0.954
prelu,mish,1,0.00031752162612974644,0.9503333333333334,0.00038064978434704244,0.9545
tanh,leakyrelu,1,0.0003258775977883488,0.9503333333333334,0.0003981397021561861,0.95325
tanh,prelu,1,0.00039798850775696337,0.9503333333333334,0.0004447799001354724,0.95475
tanh,prelu,0,0.0003614306915551424,0.9503333333333334,0.00042141388985328376,0.956
tanh,tanh,0,0.0003067197394557297,0.9503333333333334,0.00036262604407966137,0.9525
tanh,tanh,1,0.0003268026630394161,0.9503333333333334,0.000372473819879815,0.95025
tanh,elu,0,0.00033073360100388527,0.9503333333333334,0.00039161316817626357,0.95825
tanh,elu,1,0.00032816181192174554,0.9503333333333334,0.00039350881706923246,0.95575
tanh,selu,1,0.0003698306391015649,0.9503333333333334,0.0004212450294289738,0.952
tanh,gelu,0,0.0003073412226513028,0.9503333333333334,0.0003694547340273857,0.9555
tanh,selu,0,0.0004648724861908704,0.9503333333333334,0.00048804216203279793,0.95425
tanh,softplus,1,0.00036602711770683527,0.9503333333333334,0.00043222447857260704,0.95075
tanh,softplus,0,0.00033561413874849677,0.9503333333333334,0.0003931493847630918,0.956
tanh,gelu,1,0.00030445068841800094,0.9503333333333334,0.00038397120079025626,0.9545
tanh,silu,0,0.00033494250965304673,0.9503333333333334,0.0003919598530046642,0.955
tanh,silu,1,0.00032526470022276044,0.9503333333333334,0.00039572021341882646,0.95275
tanh,mish,0,0.0003294111229479313,0.9503333333333334,0.00038836937164887786,0.95475
elu,relu,0,0.00032911403104662895,0.9503333333333334,0.00039609152008779347,0.9515
elu,relu,1,0.00032865669345483184,0.9503333333333334,0.000397523952415213,0.95275
tanh,mish,1,0.00033625675132498145,0.9503333333333334,0.0004046614049002528,0.953
elu,leakyrelu,0,0.00030862356652505696,0.9503333333333334,0.0003800010890699923,0.9495
elu,leakyrelu,1,0.00032200146233662963,0.9503333333333334,0.00038047967245802283,0.956
elu,prelu,0,0.00032656820258125663,0.9503333333333334,0.00040048471419140697,0.95025
elu,tanh,0,0.00031271492480300367,0.9503333333333334,0.00037367260665632784,0.9525
elu,tanh,1,0.0003153339494019747,0.9503333333333334,0.00037537282332777977,0.95575
elu,prelu,1,0.00035189633490517735,0.9503333333333334,0.0004077368357684463,0.9545
elu,elu,0,0.00030805988353677094,0.9503333333333334,0.00037221433012746274,0.9525
elu,selu,0,0.00042913659126497805,0.9503333333333334,0.0004797054280061275,0.95275
elu,elu,1,0.0003211531147826463,0.9503333333333334,0.00039436735096387565,0.95225
elu,selu,1,0.0003289489250164479,0.9503333333333334,0.0003882331366185099,0.949
elu,softplus,0,0.0003269774897489697,0.9503333333333334,0.00037562919897027314,0.952
elu,softplus,1,0.00031873403349891305,0.9503333333333334,0.00038203856092877686,0.95275
elu,gelu,0,0.00029977565282024443,0.9503333333333334,0.00035800374462269247,0.95825
elu,silu,1,0.00031453443807549775,0.9503333333333334,0.00038196094101294875,0.95475
elu,silu,0,0.00031817908165976405,0.9503333333333334,0.0003661493246909231,0.95525
selu,relu,1,0.00031928971293382347,0.9503333333333334,0.0003723263507708907,0.95375
elu,gelu,1,0.0003091602702625096,0.9503333333333334,0.0003827636537607759,0.95575
elu,mish,0,0.0003150590928271413,0.9503333333333334,0.00037197364144958556,0.95675
selu,relu,0,0.0003543441416695714,0.9503333333333334,0.00041655212407931685,0.9555
elu,mish,1,0.0003117649466730654,0.9503333333333334,0.0003781875711865723,0.955
selu,leakyrelu,0,0.000336627010256052,0.9503333333333334,0.00039301064680330455,0.95525
selu,leakyrelu,1,0.00032147258752956986,0.9503333333333334,0.0003875841503031552,0.95425
selu,elu,0,0.00034003850305452943,0.9503333333333334,0.0003944364143535495,0.95825
selu,tanh,0,0.0003325263678561896,0.9503333333333334,0.000392523332266137,0.95325
selu,prelu,0,0.0003568353713490069,0.9503333333333334,0.00041867452091537416,0.955
selu,tanh,1,0.00031091683194972575,0.9503333333333334,0.0003662172530312091,0.9565
selu,prelu,1,0.00034074921859428287,0.9503333333333334,0.00039363783434964716,0.95475
selu,elu,1,0.000341603416018188,0.9503333333333334,0.00039966683834791183,0.9555
selu,gelu,0,0.00029555964283645153,0.9503333333333334,0.0003654198662843555,0.9545
selu,selu,1,0.00034230577875860035,0.9503333333333334,0.0003990003024227917,0.953
selu,selu,0,0.00036444407305680215,0.9503333333333334,0.00042500809649936855,0.95325
selu,silu,0,0.00031505388324148953,0.9503333333333334,0.00038586874143220484,0.95525
selu,mish,0,0.00031668541487306356,0.9503333333333334,0.0003746203728951514,0.957
selu,softplus,0,0.00032820861088111997,0.9503333333333334,0.00038825065712444484,0.955
selu,softplus,1,0.0003104125789832324,0.9503333333333334,0.0003831823414657265,0.954
selu,mish,1,0.0003208858543075621,0.9503333333333334,0.0003901667660102248,0.95375
selu,gelu,1,0.00031729135662317276,0.9503333333333334,0.0003837376134470105,0.95375
selu,silu,1,0.0003162168723065406,0.9503333333333334,0.0003872689267154783,0.955
softplus,relu,0,0.00040972972055897117,0.9503333333333334,0.0004895104793831706,0.951
softplus,relu,1,0.0004507499106694013,0.9503333333333334,0.0005062725394964218,0.94825
softplus,leakyrelu,0,0.00050778390141204,0.9503333333333334,0.000560545944608748,0.952
softplus,leakyrelu,1,0.0003775685909204185,0.9503333333333334,0.00045054941438138485,0.951
softplus,prelu,0,0.00040527255623601377,0.9503333333333334,0.00047015328891575336,0.9515
softplus,tanh,0,0.00031583101372234523,0.9503333333333334,0.0003763322893064469,0.9545
softplus,prelu,1,0.00042534703970886767,0.9503333333333334,0.0004994993796572089,0.95225
softplus,tanh,1,0.00032818361069075763,0.9503333333333334,0.00038639811100438237,0.95175
softplus,elu,0,0.0004077314806636423,0.9503333333333334,0.00046631466830149293,0.95125
softplus,elu,1,0.00030203055939637125,0.9503333333333334,0.00038021671934984624,0.9535
softplus,selu,0,0.0004449637490324676,0.9503333333333334,0.0004971264279447496,0.95125
softplus,gelu,0,0.00035210527130402625,0.9503333333333334,0.00041478287312202156,0.95475
softplus,selu,1,0.00039657767047174275,0.9503333333333334,0.0004469890845939517,0.955
softplus,softplus,0,0.0005101023707538843,0.9503333333333334,0.0005632644752040505,0.953
softplus,softplus,1,0.0003380800480954349,0.9503333333333334,0.00039856284274719656,0.95575
softplus,silu,1,0.0003819027333520353,0.9503333333333334,0.0004571094468701631,0.9545
softplus,silu,0,0.00035064577241428196,0.9503333333333334,0.00041919018258340657,0.951
softplus,gelu,1,0.0003578336036298424,0.9503333333333334,0.00042569186189211905,0.955
softplus,mish,0,0.0003510685346554965,0.9503333333333334,0.00042680243495851755,0.95275
gelu,tanh,1,0.0002871923497878015,0.9503333333333334,0.0003678229113575071,0.953
gelu,relu,0,0.00031693317578174174,0.9503333333333334,0.000381963123800233,0.95625
softplus,mish,1,0.0003799970727413893,0.9503333333333334,0.000453355663921684,0.95275
gelu,leakyrelu,0,0.0003395408857613802,0.9503333333333334,0.00039790323353372514,0.95175
gelu,relu,1,0.00031289219623431563,0.9503333333333334,0.0003810787166003138,0.95325
gelu,leakyrelu,1,0.0003055825945921242,0.9503333333333334,0.00037496560253202915,0.95375
gelu,prelu,0,0.0003282346297055483,0.9503333333333334,0.00037907701334916055,0.954
gelu,prelu,1,0.0003710805613081902,0.9503333333333334,0.00042880233377218246,0.9545
gelu,tanh,0,0.00029525416903197765,0.9503333333333334,0.0003628093982115388,0.9545
gelu,selu,1,0.00035337204462848604,0.9503333333333334,0.00040926694055087864,0.952
gelu,elu,0,0.00031333815422840416,0.9503333333333334,0.00036781400558538735,0.9555
gelu,selu,0,0.00041348623926751316,0.9503333333333334,0.0004595394420903176,0.9565
gelu,elu,1,0.00031042497721500695,0.9503333333333334,0.00037500596954487264,0.9565
gelu,softplus,0,0.0003252959286328405,0.9503333333333334,0.00038194924127310514,0.95575
gelu,gelu,0,0.0003029150248039514,0.9503333333333334,0.0003641637449618429,0.953
gelu,gelu,1,0.00032053529866971076,0.9503333333333334,0.00037698543746955693,0.956
gelu,softplus,1,0.00031652412144467235,0.9503333333333334,0.00037861804594285786,0.95225
gelu,silu,0,0.0003383067960385233,0.9503333333333334,0.0003921377065125853,0.95275
gelu,silu,1,0.0003004714963026345,0.9503333333333334,0.00036527233896777034,0.95425
gelu,mish,1,0.0003061330644413829,0.9503333333333334,0.00036757736233994365,0.95525
silu,relu,0,0.0003052224637940526,0.9503333333333334,0.00037297996459528804,0.95325
gelu,mish,0,0.0002898717357311398,0.9503333333333334,0.0003571384586393833,0.954
silu,relu,1,0.0003482727915979922,0.9503333333333334,0.000421917560743168,0.9545
silu,leakyrelu,0,0.0003177202306687832,0.9503333333333334,0.0003866858023684472,0.957
silu,leakyrelu,1,0.00030855106888338923,0.9503333333333334,0.00037746503949165344,0.9545
silu,prelu,0,0.00033411019830964506,0.9503333333333334,0.00040338258258998394,0.953
silu,prelu,1,0.0003789700276684016,0.9503333333333334,0.000436547736171633,0.95275
silu,tanh,1,0.0002877244260162115,0.9503333333333334,0.00036385725252330303,0.9545
silu,tanh,0,0.0002929965849034488,0.9503333333333334,0.00036798822111450136,0.9525
silu,elu,0,0.00033151291427202523,0.9503333333333334,0.00038925104308873415,0.95475
silu,elu,1,0.0003255702613387257,0.9503333333333334,0.00039643366471864283,0.9575
silu,softplus,0,0.00034968857653439045,0.9503333333333334,0.00040859729051589966,0.954
silu,selu,0,0.00042913176002912223,0.9503333333333334,0.00047967868158593774,0.953
silu,selu,1,0.00036287406692281365,0.9503333333333334,0.00041364054777659476,0.9525
silu,softplus,1,0.0003217001212760806,0.9503333333333334,0.00037924741627648473,0.954
silu,silu,1,0.0003186026879120618,0.9503333333333334,0.0003810787166003138,0.955
silu,gelu,1,0.000316113349981606,0.9503333333333334,0.00038106756983324885,0.95625
silu,gelu,0,0.00030326563864946365,0.9503333333333334,0.0003675419429782778,0.9515
silu,silu,0,0.00030506032635457814,0.9503333333333334,0.0003768603492062539,0.95225
silu,mish,0,0.0002906515437643975,0.9503333333333334,0.00035834420123137534,0.95275
silu,mish,1,0.00031246899743564427,0.9503333333333334,0.00037763986620120704,0.958
mish,tanh,1,0.0002846199204213917,0.9503333333333334,0.00035972471232526004,0.9545
mish,leakyrelu,1,0.0003026778867933899,0.9503333333333334,0.00038030295399948955,0.95275
mish,relu,0,0.0003150970151182264,0.9503333333333334,0.00038361409679055214,0.95
mish,prelu,0,0.00032318063313141465,0.9503333333333334,0.0003880567383021116,0.95175
mish,leakyrelu,0,0.00030841678380966187,0.9503333333333334,0.00037800974678248167,0.95175
mish,relu,1,0.0002999123535118997,0.9503333333333334,0.0003607153194025159,0.9555
mish,prelu,1,0.0003688589495141059,0.9503333333333334,0.0004257280961610377,0.95225
mish,tanh,0,0.0003027389757335186,0.9503333333333334,0.00037379233981482685,0.9545
mish,elu,0,0.0003371324564795941,0.9503333333333334,0.00039204253698699176,0.95125
mish,selu,1,0.000354843883542344,0.9503333333333334,0.0004184319986961782,0.955
mish,elu,1,0.00032699096482247114,0.9503333333333334,0.0003937461879104376,0.9535
mish,selu,0,0.0003788749745581299,0.9503333333333334,0.0004305811016820371,0.95425
mish,softplus,0,0.00034185926779173315,0.9503333333333334,0.0003951021935790777,0.95625
mish,softplus,1,0.0003229134017601609,0.9503333333333334,0.0003798937832470983,0.95175
mish,gelu,0,0.00029122288106009364,0.9503333333333334,0.0003609160194173455,0.9535
mish,silu,0,0.0003096077998634428,0.9503333333333334,0.0003664526157081127,0.95625
mish,gelu,1,0.0003269897133577615,0.9503333333333334,0.0003903890319634229,0.95475
mish,silu,1,0.00029877200722694397,0.9503333333333334,0.0003714370250236243,0.95625
mish,mish,0,0.000298877595923841,0.9503333333333334,0.0003686013224069029,0.9545
mish,mish,1,0.00031001647585071623,0.9503333333333334,0.0003746346337720752,0.95625
