p1_true,p2_true,tau_true,J,rep,obs,GPS-ABC_secs,GPS-ABC_acc,GPS-ABC_p1,GPS-ABC_p1_cilen,GPS-ABC_p1_cov,GPS-ABC_p2,GPS-ABC_p2_cilen,GPS-ABC_p2_cov,GPS-ABC_tau,GPS-ABC_tau_cilen,GPS-ABC_tau_cov,GPS-ABC_ess_p2,GPS-ABC_ess_tau,GPS-ABC-ref_secs,GPS-ABC-ref_acc,GPS-ABC-ref_p1,GPS-ABC-ref_p1_cilen,GPS-ABC-ref_p1_cov,GPS-ABC-ref_p2,GPS-ABC-ref_p2_cilen,GPS-ABC-ref_p2_cov,GPS-ABC-ref_tau,GPS-ABC-ref_tau_cilen,GPS-ABC-ref_tau_cov,GPS-ABC-ref_ess_p2,GPS-ABC-ref_ess_tau,DNN-ABC_secs,DNN-ABC_acc,DNN-ABC_p1,DNN-ABC_p1_cilen,DNN-ABC_p1_cov,DNN-ABC_p2,DNN-ABC_p2_cilen,DNN-ABC_p2_cov,DNN-ABC_tau,DNN-ABC_tau_cilen,DNN-ABC_tau_cov,DNN-ABC_ess_p2,DNN-ABC_ess_tau,NPE_secs,NPE_acc,NPE_p1,NPE_p1_cilen,NPE_p1_cov,NPE_p2,NPE_p2_cilen,NPE_p2_cov,NPE_tau,NPE_tau_cilen,NPE_tau_cov,NPE_ess_p2,NPE_ess_tau
0.0001,0.01,3.0,100,0,0.5956648848942828,9.666074991226196,0.432810936978993,0.0067767250824072,0.0376486793351037,1,0.0125369067984921,0.0373643390626033,1,5.210468448734897,8.997655536788958,1,12.214059210316924,50.01944271274098,2.804905891418457,0.7435811937312438,0.0062499531947209,0.0382998145558297,1,0.0092273962629454,0.0343963526419455,1,5.917895565580046,9.006197762330135,1,19.19011444938935,50.574450962731994,1.7344639301300049,0.1373791263754585,0.003895475360628,0.0353900468783513,1,0.0165373204989825,0.0448618572299063,1,5.2640862803370325,8.84094996721027,1,24.458155598099825,16.365658505806447,0.017108917236328125,1.0,0.007382481824606657,0.034168121959964985,1,0.00975591316819191,0.03458467935133736,1,5.338590621948242,8.737318032979964,1,2000.0,2000.0
0.0001,0.01,3.0,100,1,0.6024275613303259,9.546818017959597,0.4211403801267089,0.007567026243869,0.0420810296462849,1,0.0121966472440697,0.033050338839563,1,4.169355772102221,8.990936421736818,1,45.48392341584532,40.24920735142054,1.9623627662658691,0.7532510836945648,0.0086380000541112,0.0372722083810422,1,0.0080273609696301,0.0369705750305806,1,6.735027722807952,8.756767943849775,1,16.334269114863194,90.49802435856924,1.68664288520813,0.136378792930977,0.0129167976778901,0.0442714589823601,1,0.007670249946915,0.0249318414049809,1,5.410899202699102,9.022073868579804,1,4.048705089405038,9.009966747180302,0.0018041133880615234,1.0,0.00783393532037735,0.03459359408138879,1,0.01021476648747921,0.03482057864462149,1,5.310227394104004,8.69391642063856,1,2000.0,2000.0
0.0001,0.01,3.0,100,2,0.5891368349118412,7.38963794708252,0.4121373791263754,0.0024195594506058,0.0172565691292845,1,0.0141851867609098,0.0390510215821754,1,4.827331590085718,8.83909842148131,1,45.28299523309496,47.07116356788001,1.7420921325683594,0.7792597532510837,0.0054226327865923,0.0332316848225988,1,0.0068588097105095,0.0328184512385521,1,6.32941518938156,9.03842708584346,1,17.857517303058557,86.86472184913633,1.7618041038513184,0.1440480160053351,0.006226515909946,0.0363504963975994,1,0.0137918846956883,0.0433102183378517,1,6.0047747772085565,8.422130677567635,1,9.021412093649753,21.10994718452145,0.0018687248229980469,1.0,0.007676661480218172,0.033549646937080964,1,0.00925515592098236,0.031143759160613595,1,5.331304550170898,8.665312248468398,1,1806.7713461628086,2000.0
0.0001,0.01,3.0,100,4,0.5986299475821453,4.773040771484375,0.3624541513837946,0.0108203154662086,0.0418878312128408,1,0.0105772220054687,0.0365247256151137,1,5.930030905060972,8.91259135654053,1,9.946781887430909,35.09344426442844,1.758737325668335,0.7485828609536512,0.0069874591609118,0.0402848902400813,1,0.0123635579402018,0.0421991635383325,1,5.469099908739023,9.082536059150607,1,23.644401564458093,47.63799937166295,1.7524118423461914,0.1403801267089029,0.0078151461968322,0.0323775171870937,1,0.0102152379919741,0.0402487278827057,1,5.2594866174126995,8.748456821077681,1,5.916206642670829,6.878223998642153,0.0018079280853271484,1.0,0.0070045338943600655,0.032234084524452526,1,0.010154964402318,0.0361145491375282,1,5.31399393081665,8.81181482821703,1,1914.347377026512,2000.0
0.0001,0.01,3.0,100,3,0.6005422580667318,5.074631214141846,0.4201400466822274,0.0045985878354472,0.0308485051077881,1,0.0138487377970596,0.0350290358214194,1,5.163230980160342,9.12965546823735,1,41.169370949320445,65.86865941438461,1.7424511909484863,0.7465821940646882,0.0064714610670523,0.0372719323235519,1,0.012022888075808,0.0380874695911869,1,5.059653829391376,8.969548486909613,1,36.86565030529195,78.23657896679313,1.7957639694213867,0.1413804601533844,0.0085393372202614,0.0431622754867153,1,0.0135719141907521,0.0338170382737346,1,5.8054769945838745,8.723262115083529,1,7.7806911295079075,21.4342166692314,0.0014951229095458984,1.0,0.007594651076942682,0.03466841579697756,1,0.01021752879023552,0.033275268950364936,1,5.327608585357666,8.708861337602137,1,1971.2001369914256,1739.2016918047843
0.0001,0.01,3.0,100,5,0.5900512247987961,4.263816833496094,0.3617872624208069,0.0086078875193866,0.0383350314786644,1,0.0103451682604179,0.0365267554762247,1,5.240993605657155,8.745961325155694,1,12.286677397595026,28.393349901273915,1.7559707164764404,0.764921640546849,0.0071020843037736,0.0375395968923488,1,0.0086090555995053,0.0350890171770648,1,5.747719771556534,9.21908547252758,1,13.93126532605956,74.2305341731677,1.791327953338623,0.1380460153384461,0.0063518575248152,0.0387734227330644,1,0.0125922769680293,0.0463180042568939,1,5.786445329075091,9.434607751859854,1,15.737262664929284,10.46638617146158,0.0014641284942626953,1.0,0.007310596294701099,0.03219346400533137,1,0.009454496204853058,0.03356293984111289,1,5.343895435333252,8.769183991849424,1,2000.0,2000.0
0.0001,0.01,3.0,100,6,0.5901253264711686,3.812386989593506,0.4161387129043014,0.0057299200126729,0.0384926289038495,1,0.0131827585410722,0.0403818023172241,1,4.461567609039556,9.146352060439456,1,51.25952999312971,42.12684171729667,1.8024358749389648,0.7579193064354784,0.0075071914671168,0.0392254858105177,1,0.0131467759033147,0.0408992787424197,1,5.989684898733599,9.05328971339455,1,14.25545173923818,68.12730316394347,1.7468349933624268,0.1587195731910637,0.0141887772247118,0.0414518962928014,1,0.0059617167327204,0.0376831161613786,1,6.384836944888287,9.37563021111124,1,6.246732727711482,12.160406786096926,0.0014312267303466797,1.0,0.007039855234324932,0.032773271853511664,1,0.009512996301054955,0.032546274263677295,1,5.293946266174316,8.875940968096257,1,1878.8406736163208,1576.1884116004824
0.0001,0.01,3.0,100,7,0.5886010933980486,1.908220052719116,0.4041347115705235,0.0081478932215822,0.0324761910051662,1,0.0114660026021467,0.0419097165890919,1,6.407611162178368,9.234011696516026,1,4.827414701280152,33.76803707110274,1.820496082305908,0.75891963987996,0.0090029927875653,0.043791026442361,1,0.005119320677608,0.0354022209097283,1,6.3024413934727335,8.900189404218187,1,21.60407039236467,72.1563945709718,1.8115122318267824,0.1507169056352117,0.0082695884708462,0.0373865682098341,1,0.0120049469257165,0.0442917472467735,1,5.681151502638511,9.567377524277315,1,24.514574134840935,10.377447876465055,0.0019021034240722656,1.0,0.0072602094151079655,0.032151165612913236,1,0.009278562851250172,0.03126851595507104,1,5.2949018478393555,8.716456308960913,1,2000.0,2000.0
0.0001,0.01,3.0,100,8,0.5751078707698022,1.9644577503204343,0.3644548182727576,0.0049252396831285,0.0352086626659926,1,0.0114431760157013,0.0367584715411849,1,4.375510322912709,9.264817600070767,1,83.15530491332474,42.81972423490112,1.8320128917694092,0.7789263087695899,0.0063957310496382,0.0349057108821292,1,0.0074201511347244,0.0328570262897886,1,5.827085989547138,9.046162130398011,1,27.209786835761047,80.0501276505768,1.7968246936798096,0.1497165721907302,0.0046536474868837,0.0307707598960151,1,0.0116702298534397,0.0366190760531043,1,5.347270520654618,8.568549832051877,1,25.19026469192821,22.576147137728615,0.0018990039825439453,1.0,0.006929798983037472,0.03177245426613808,1,0.008879286237061024,0.030338813256867003,1,5.360138416290283,8.545568853616713,1,2000.0,2000.0
0.0001,0.01,3.0,100,9,0.5964544315872281,1.783123254776001,0.4151383794598199,0.0067146361194733,0.0361201477344295,1,0.0120348525355583,0.0392266974204297,1,4.356167732711769,9.093036165615874,1,21.56161008953418,42.862626380092514,1.8503448963165283,0.7552517505835279,0.0076457111728484,0.0371342151868123,1,0.007923383051255,0.0397420856559943,1,6.043603583795202,9.252560448509962,1,15.10936916147864,60.3377726921697,1.7539258003234863,0.1393797932644215,0.0120301893014231,0.0439301712620664,1,0.0094773599004903,0.0278435343351106,1,5.750382116057616,8.730592621514953,1,5.2549780920312426,22.7240504711802,0.0016329288482666016,1.0,0.007829349488019943,0.0356339763794949,1,0.009740804322063923,0.03031260273428415,1,5.28731632232666,8.673910200595856,1,1811.0822902780892,1944.267225641079
0.0001,0.01,3.0,100,11,0.5959102743363554,1.734490156173706,0.4114704901633877,0.0089069091604509,0.0390184849090744,1,0.0108473892547831,0.0309803097693501,1,4.3148611718563865,9.435043582776515,1,24.11171665698937,40.91070895671128,1.8670649528503416,0.7692564188062687,0.007074377936414,0.0360775741773356,1,0.0037007691086689,0.0308548019823372,1,6.67828117525882,8.189050394791243,1,16.37946373588038,117.15218039319056,1.7244629859924316,0.1413804601533844,0.0024498708842054,0.0177669218159674,1,0.016829446114427,0.0449194811561192,1,5.721398948496377,8.279000021508294,1,11.53004825351285,13.14490327897584,0.0014948844909667969,1.0,0.00730722863227129,0.03332439006212548,1,0.009907458908855915,0.03383308980501169,1,5.295877456665039,8.710681894421578,1,2000.0,1947.3597193151177
0.0001,0.01,3.0,100,10,0.5966583602318528,1.8013291358947754,0.3881293764588196,0.0078613776016404,0.0329904483047929,1,0.0079388022932607,0.0283453389516415,1,5.366330363495941,9.38005151639751,1,8.091623685418464,12.62166099054888,1.959980010986328,0.7515838612870956,0.0090686178306448,0.0403388528781069,1,0.0096097676373953,0.0366733121877463,1,5.948877792685687,9.243828695407997,1,10.06623429798974,62.51479050509162,1.7894699573516846,0.1360453484494831,0.0130702936130206,0.0486133837624825,1,0.0075150519254907,0.0239880751868629,1,5.462413472168065,8.676472946987163,1,6.88033709237408,13.084077955716118,0.0014181137084960938,1.0,0.007475140038877726,0.03328123715473337,1,0.010002258233726025,0.036640837750019264,1,5.408450603485107,8.745534418523311,1,2000.0,2000.0
0.0001,0.01,3.0,100,12,0.600961322895509,1.8726701736450195,0.4088029343114371,0.0071984783187634,0.0307152240806835,1,0.0095901980274003,0.0276376016378327,1,5.167685352950566,9.46227648743397,1,8.176791373646461,8.882844717549897,1.9285666942596436,0.7565855285095031,0.0076059451133361,0.0386019483946577,1,0.0085561018905231,0.0354011670615043,1,6.130405686689062,8.830864203889664,1,13.3104387710436,53.23948727982704,1.5973458290100098,0.1527175725241747,0.0056162668551757,0.0254723272925891,1,0.0113864483076754,0.0367606543354739,1,4.267403145526341,9.234378818384837,1,15.14632890373868,10.337183566887424,0.0013840198516845703,1.0,0.0074777728877961636,0.03419608158101254,1,0.010145084001123905,0.03580714702784456,1,5.3174357414245605,8.863688775897025,1,1793.322445135622,1926.3695121214462
0.0001,0.01,3.0,100,13,0.5997208056376414,1.8742501735687256,0.3687895965321774,0.0117677577497465,0.0425534614227064,1,0.0083696335158506,0.0335823364133581,1,6.262735005172923,9.065186816453904,1,4.601847390720314,37.692932909855486,1.9132678508758545,0.7782594198066022,0.0063017679964481,0.0338471995204032,1,0.0094861184343634,0.0376063218062916,1,6.256028825470265,8.874474963793041,1,18.12108546930112,93.30708640631146,1.6158180236816406,0.1417139046348783,0.0092773851855094,0.0413134012117714,1,0.0115754050643688,0.0425339645283454,1,6.113314819327311,9.109604927706297,1,7.946031380765959,13.425750006733102,0.0014119148254394531,1.0,0.007719940040260553,0.03397540744085745,1,0.009980536997318268,0.03346274282348529,1,5.339728355407715,8.607293236255646,1,2000.0,1908.8050825411149
0.0001,0.01,3.0,100,14,0.5876536266618331,1.8625199794769287,0.3584528176058686,0.0077000950366259,0.0396244504800031,1,0.0102659011482043,0.0382066367313788,1,5.355333819815595,8.857071171870736,1,8.425996792097028,40.491935591009856,1.8155970573425293,0.7859286428809603,0.0066600995420417,0.0336042213793319,1,0.0077387292961026,0.0305474477945591,1,6.016310633013517,9.003736655797677,1,23.604252422989884,73.19916996144399,1.622230052947998,0.1427142380793598,0.0095029495624413,0.0427042688967338,1,0.0075671987917795,0.0218761612842451,1,5.180111586694245,9.288177415320323,1,9.645231532871891,15.21890286239054,0.001413106918334961,1.0,0.007117829285562038,0.032182339025484896,1,0.009387058205902576,0.03225591551663455,1,5.255247116088867,8.699734653532504,1,2000.0,1930.7135667604819
0.0001,0.01,3.0,100,15,0.6013825814982657,1.9282307624816897,0.3941313771257085,0.0072900801237211,0.0319338949563002,1,0.0112140584332642,0.0408308828221566,1,5.842725197859847,9.077545875009816,1,4.872976182413024,17.787920128392983,1.7752628326416016,0.7525841947315772,0.0064992991109249,0.0389805794356549,1,0.0112118793755236,0.0425124762460657,1,6.419401013090957,8.788053759732698,1,8.179891071084548,105.21611617289751,1.6269199848175049,0.1420473491163721,0.0030309462646657,0.0286554051415443,1,0.0139834010351191,0.0390449591503072,1,4.446861485462619,8.661015021262864,1,13.878383885493449,11.801484747808852,0.0017762184143066406,1.0,0.007585634011775255,0.03382943622023046,1,0.010189835913479328,0.032899753026549655,1,5.337618350982666,8.830064338445663,1,2000.0,1931.7059168445667
0.0001,0.01,7.0,100,0,0.5099504817636846,1.96777081489563,0.3671223741247082,0.0034524573976651,0.023218149037813,1,0.0087109579493363,0.0354558235396686,1,5.660619221557485,9.280333906673803,1,29.67904240548636,24.52564745589426,1.7567110061645508,0.8209403134378126,0.0046839838680272,0.0301262480727253,1,0.0051388743721218,0.0317974480704748,1,6.100546369148795,9.08816334666164,1,24.24899383856619,106.81695639409124,1.6758217811584473,0.1347115705235078,0.0044480894455248,0.0316857331527931,1,0.0062470955730435,0.0187584045845035,1,4.835916839431462,8.828761974605074,1,18.650730622934883,17.680903118311026,0.0015606880187988281,1.0,0.00573586905375123,0.029367769027157903,1,0.006164951715618372,0.024897022539380476,1,5.496943950653076,8.700962914526459,1,2000.0,1645.4400986007618
0.0001,0.01,7.0,100,2,0.5076115954094989,1.895236253738403,0.3331110370123374,0.0088781792421538,0.0410431398595274,1,0.0068369803494086,0.0358060133518366,1,5.85501978442658,9.060053827759909,1,7.295125086731726,14.555612893523389,1.757028102874756,0.8546182060686895,0.0037289520469877,0.0285108759317053,1,0.0022579522909065,0.0173252824763806,1,6.141875954532759,9.01469499632626,1,30.662312825173647,107.74954118281242,1.5932397842407229,0.1493831277092364,0.0078374571572671,0.039308064710778,1,0.0072623101165416,0.0263431584000229,1,4.611665674052338,9.233351897402953,1,7.494889802165895,9.135322976317422,0.001767873764038086,1.0,0.005735467188060284,0.028806855128868835,1,0.006113806739449501,0.024289928072130335,1,5.455723762512207,8.82947471141815,1,1735.6831062119227,2000.0
0.0001,0.01,7.0,100,1,0.5022903847702902,1.9595117568969729,0.3431143714571524,0.006591706839364,0.0377701119407067,1,0.0062076744547257,0.02797980955226,1,4.713357385235355,9.20729730235456,1,11.679227308148414,27.237521113989654,1.82137131690979,0.8559519839946649,0.004242501939202,0.0291188412434579,1,0.0041154652650745,0.0227061022465363,1,5.613335096958983,9.11831810138536,1,19.01027076998441,113.1889748355538,1.662442922592163,0.1533844614871624,0.0117967576634173,0.0454349709390255,1,0.0035224313566676,0.0245951325989005,1,5.668914034414956,9.016875048923728,1,3.4130196040204903,12.150406382978568,0.001421213150024414,1.0,0.005357612855732441,0.029478127735364942,1,0.005939198657870293,0.023229279165798263,1,5.5204243659973145,8.75772480368614,1,1918.8848783220917,2000.0
0.0001,0.01,7.0,100,3,0.5124711313034277,1.8861169815063477,0.3234411470490163,0.0079802664972321,0.0422225345642102,1,0.0046980474169474,0.0264242984231351,1,5.623781100373191,9.396055660597572,1,7.203114944977,20.083669333137053,1.7797369956970217,0.843947982660887,0.0045108319236126,0.0307604277821951,1,0.0054181379656673,0.0266342555608303,1,5.687651775196335,9.120902587792711,1,20.135273789197363,66.25815180152857,1.6590490341186523,0.1657219073024341,0.0034989449134902,0.0185606075996227,1,0.0075885322511071,0.0246841131809258,1,4.719586558141782,9.19990702009976,1,27.206750317641223,18.11334203924411,0.0016357898712158203,1.0,0.005407172255218029,0.029574553558768448,1,0.0062540131621062756,0.024986664890820964,1,5.452869892120361,8.724435375630856,1,1948.593128127174,1925.4448067538863
0.0001,0.01,7.0,100,4,0.5109267189945548,1.899947166442871,0.3741247082360787,0.0056148124210753,0.0274568893588391,1,0.0069081822875804,0.0263501215701129,1,5.7249779812023,9.264345234175444,1,15.958433821255332,24.999135288808755,1.865551233291626,0.8242747582527509,0.0041918422397005,0.0277465080982467,1,0.0060002225712019,0.029154181585941,1,5.387436383319435,9.330610883166353,1,29.566868091227217,65.44838238846037,1.641129970550537,0.1143714571523841,0.002314049995282,0.0093710348773887,1,0.0104365065531541,0.032991569546863,1,6.81104569852063,7.716782150359875,1,9.710404871926617,12.529738963495792,0.0015780925750732422,1.0,0.005935704335570335,0.02834546081267034,1,0.005900810472667217,0.023731803523651156,1,5.515729904174805,8.717437268793583,1,2000.0,1824.910345181355
0.0001,0.01,7.0,100,5,0.5070283296193577,1.863271951675415,0.3284428142714238,0.0081860883991815,0.032521217717785,1,0.0054929403913953,0.0377402125481586,1,7.087465268001298,7.538087494045399,1,5.26959231065479,62.64289772132084,1.8371922969818115,0.8589529843281094,0.0039769614117434,0.0289044610906557,1,0.003419497009841,0.0204724167931082,1,5.9737392717849,9.123674988271226,1,34.61234827082256,77.13321262033317,1.675732135772705,0.1467155718572857,0.0070155824876697,0.0331828618116993,0,0.0063178174838045,0.0151406154730183,1,5.926494930520452,8.28689550587076,1,21.82469392689731,12.770090423362042,0.0016062259674072266,1.0,0.005698269698768854,0.028963685571306984,1,0.006048192270100117,0.02407323695929331,1,5.579282283782959,8.713620802760122,1,2000.0,2000.0
0.0001,0.01,7.0,100,6,0.5072444311077183,1.7864468097686768,0.3077692564188062,0.0069033545740039,0.0284990570571843,1,0.0053930993459757,0.0255778998584264,1,6.176399036648585,9.328132225902126,1,7.729699009189331,30.6598438785495,1.896867036819458,0.8612870956985662,0.0036889779682358,0.0286506520501084,1,0.0026561613526322,0.0168901417157751,1,5.489387582181559,9.14227030525971,1,18.393358941827778,56.97553351269766,1.670155048370361,0.1593864621540513,0.0076581562372489,0.0424162463435987,1,0.0051828322411901,0.0208831141416492,1,6.1800942583854495,8.727965608483483,1,10.262411522024836,14.334355734288836,0.0014739036560058594,1.0,0.005531571339815855,0.02748190693760077,1,0.006030086427927017,0.024384656996335245,1,5.560364246368408,8.67071262151003,1,2000.0,1899.5908751447312
0.0001,0.01,7.0,100,7,0.5120427404549356,1.8532629013061523,0.3757919306435478,0.004552108217815,0.0234597552921005,1,0.007426135298394,0.0294184848942074,1,5.766706701136822,9.064441436773242,1,26.63710615534075,24.44263304193405,1.7895381450653076,0.8269423141047015,0.0048839383489168,0.0338829940008576,1,0.0055867154549075,0.0296422132357825,1,5.609356150856704,9.148972666204646,1,18.089765791292987,46.43164984260234,1.6778109073638916,0.1167055685228409,0.0027176303478283,0.0261896984365605,1,0.0149134614898034,0.0430000999753986,1,7.541461039359597,6.52858116984663,1,13.043290967460718,17.67579398471688,0.0016887187957763672,1.0,0.006073451600968838,0.030980025366261533,1,0.006061359774321318,0.023918376525170943,1,5.3956522941589355,8.905517657101154,1,2000.0,2000.0
0.0001,0.01,7.0,100,8,0.5060475959675133,1.7784860134124756,0.3401133711237079,0.0066465708038292,0.038203787922929,1,0.0058822758670332,0.030858547378911,1,5.896077809686596,9.437160332970016,1,3.8723539767017328,21.70458877772385,1.8778300285339355,0.8496165388462821,0.0042326625624424,0.0319783885657442,1,0.0050672854125564,0.0280714889744905,1,5.557251974558052,9.12445591924958,1,25.437316823646217,39.158948363540546,1.6065130233764648,0.1453817939313104,0.0074996034676071,0.0370200499811857,1,0.0069618550614011,0.0399860241201059,1,5.543575543136278,8.810679330365648,1,7.925576610949311,12.265910907722208,0.0014858245849609375,1.0,0.005572533700615168,0.0282297924159138,1,0.006019787862896919,0.02526776402532958,1,5.534181118011475,8.8995229229331,1,1902.8640612806169,1744.0499002204451
0.0001,0.01,7.0,100,9,0.5067964630974866,1.8771476745605469,0.3364454818272757,0.0080561966942745,0.0414303584045503,1,0.0077854979413535,0.037932039637835,1,6.100137583255544,9.185867724478651,1,4.878707906855809,24.579938864339145,1.8506748676300049,0.8369456485495165,0.0058985472955898,0.0379845747008662,1,0.0045042489192776,0.0206815507644754,1,5.570826038660504,9.182352759424887,1,18.09938585999233,86.84771314101205,1.7063207626342771,0.1407135711903968,0.0059517926661841,0.0305784508991314,1,0.0063533195498194,0.0229335681896585,1,5.788023458620624,9.1070104140052,1,4.726480370498124,7.344952593158499,0.001367807388305664,1.0,0.005586070008575916,0.030626351324144693,1,0.006115091498941183,0.024273383760601033,1,5.537049770355225,8.769781446456905,1,2000.0,2000.0
0.0001,0.01,7.0,100,10,0.500843187364011,1.75252103805542,0.3324441480493498,0.0081553759927319,0.0362553031810018,1,0.0037880946320675,0.0122683808166408,1,5.1339952931043715,9.1543058218724,1,15.3860993217783,27.53911532522675,1.8570921421051023,0.835945315105035,0.0044361519196937,0.0349179775488976,1,0.0044155519079199,0.0271811358115568,1,5.647406963866801,9.061151138609478,1,15.141882656797346,66.67286971446013,1.6327619552612305,0.134378126042014,0.0137953859509407,0.0487579732776765,0,0.0026612502889848,0.0133334040204027,1,6.499712147931042,7.590276527994936,1,3.908200984502463,28.870614691528292,0.0014328956604003906,1.0,0.005272573791444302,0.028398090004247922,1,0.0057558356784284115,0.023173723243098722,1,5.423352241516113,8.92829001992941,1,2000.0,1992.9826120854339
0.0001,0.01,7.0,100,11,0.5135303752039121,1.759577751159668,0.3581193731243748,0.0057932763006318,0.0311032139425473,1,0.0065511908641406,0.0268358543561725,1,5.349584572139545,9.383575108844225,1,14.37634426255618,41.06821754998153,1.8608388900756836,0.8429476492164054,0.0049204718725927,0.0348871135592937,1,0.0041053858554647,0.0253546371382947,1,5.654940740586273,9.343022571804708,1,20.742666495287637,42.60026217401554,1.6724679470062256,0.1463821273757919,0.0049667738631273,0.025225292109892,1,0.0047449065996689,0.0185632314196338,1,4.639425583959141,9.111077389561444,1,7.628572913106592,7.647366845446877,0.0013020038604736328,1.0,0.0060834432952106,0.03153557270470627,1,0.00618379283696413,0.024204872759855785,1,5.444304466247559,8.970793856680391,1,1821.9501790139257,2000.0
0.0001,0.01,7.0,100,12,0.5104511436598362,1.796138048171997,0.3214404801600533,0.0080584311913342,0.0327915185507591,1,0.0042963519309318,0.0277588282746869,1,6.889347599729671,8.65857853979845,1,3.880323234362731,40.492489996494186,1.8567590713500977,0.8436145381793931,0.0055702463880689,0.0328013736950299,1,0.0035056764825875,0.024783292029887,1,6.304425547919521,8.864332033327697,1,22.472518894981093,102.6053390105126,1.6890270709991455,0.1460486828942981,0.0030099245654344,0.0228628557001424,1,0.0085420200177658,0.0310553047400782,1,4.361195205615033,8.857873928942261,1,17.782906261174553,18.366428970961184,0.0013556480407714844,1.0,0.005871804431080818,0.029660148900757112,1,0.0059347692877054214,0.025082639012771288,1,5.449987411499023,8.76038581430912,1,2000.0,2000.0
0.0001,0.01,7.0,100,13,0.5090130333998579,1.7848939895629885,0.3484494831610537,0.0075867839875479,0.0415405595297794,1,0.0056837607883342,0.025979244706394,1,5.504857452302439,9.100255596669548,1,7.835761886737623,17.751772872659334,1.8933539390563965,0.8519506502167389,0.0035393882873007,0.0284382353464485,1,0.003927508869913,0.0218922120497043,1,5.8920680523781215,9.156809584461596,1,30.382746126764108,91.66314302323195,1.6404080390930176,0.1487162387462487,0.0074006977016873,0.0377052275042292,1,0.0065199786346148,0.0312450185167575,1,5.100755853311828,9.301801011951069,1,23.43197554821978,23.809039657638483,0.001360177993774414,1.0,0.005754236597567797,0.027465921629709494,1,0.005771242547780275,0.022142470887047228,1,5.482467174530029,8.815220092236993,1,2000.0,1630.9795441471274
0.0001,0.01,7.0,100,14,0.5053962511856553,1.8622398376464844,0.3361120373457819,0.0056427704874138,0.0340250461236369,1,0.0074313155859351,0.030982164396053,1,6.148615241120911,9.498234298844167,1,12.162062633040804,19.933069762287374,1.8690450191497805,0.8602867622540847,0.004157537969289,0.0332663361889843,1,0.004255835796877,0.0273095531363804,1,5.986311553637537,8.996753979992508,1,20.604131639040183,109.2710321832082,1.699249267578125,0.1367122374124708,0.0083519729197632,0.0363114590900887,1,0.006087305125995,0.0294690667779001,1,5.8772257009047255,8.550260094217064,1,4.846823810747259,26.40732805983469,0.0014300346374511719,1.0,0.005423250142484903,0.0283661524159015,1,0.005962750408798456,0.024034608596821265,1,5.429279804229736,8.909590101242063,1,2000.0,2000.0
0.0001,0.01,7.0,100,15,0.510649700740689,1.853935956954956,0.2900966988996332,0.0110115859946418,0.0387731618665631,1,0.0044322492811508,0.0277931429889287,1,5.596910399374992,9.320064357044156,1,4.427506706719302,25.377729727737172,1.8665709495544431,0.8472824274758253,0.0060375073620102,0.0377778646699637,1,0.0037841647500926,0.0198065328118297,1,5.917994553748791,8.906460034828621,1,19.479509105361103,49.16941649453915,1.6849780082702637,0.1503834611537179,0.0092438848590566,0.0355233703072276,1,0.0041613080086203,0.0276664848917928,1,6.803471972156659,8.431276377614005,1,6.484632257711659,40.30199569495254,0.0013880729675292969,1.0,0.005698140244930983,0.029650985463331364,1,0.0062960549257695675,0.026122881621722622,1,5.493422031402588,8.854652434587477,1,1916.580524543575,1968.5952223893305
0.002,0.008,5.0,100,2,0.5314687599696423,1.834756135940552,0.3307769256418806,0.0079772997330798,0.0392191857461008,1,0.0054916849770757,0.0248718354418989,1,5.957683457917566,8.795028666771321,1,9.442635936743974,49.48191184346853,1.8162686824798584,0.8236078692897633,0.0037689813664623,0.0332277952293579,1,0.0048826476504929,0.0332098779561934,1,6.422703637175263,8.566222519173934,1,30.23891700660708,95.26094146402644,1.6572928428649902,0.1460486828942981,0.0050007745909585,0.0239595518699495,1,0.0085575365478177,0.0362546084471581,1,6.346152604800107,8.490833278839366,1,12.747935346801135,21.949738167957957,0.0013229846954345703,1.0,0.00571617903187871,0.029386700783925277,1,0.007380278315395117,0.029426304083744973,1,5.534013748168945,8.822209015488625,1,2000.0,1809.6314682769175
0.002,0.008,5.0,100,1,0.5459889392710615,1.7837538719177246,0.4194731577192397,0.0043274822027519,0.0294499270019613,1,0.0087419251072546,0.0213286589648844,1,4.347474252265935,9.091924748986512,1,55.029410133836826,35.02441729637733,1.8578550815582275,0.8349449816605535,0.00598488845425,0.0373260000916249,1,0.0048094256059675,0.0315927183705677,1,6.010729208951518,8.734086666749489,1,25.856000362734488,91.15093085505404,1.661816120147705,0.1397132377459153,0.0127760429174206,0.044285370695276,1,0.0043620108967432,0.0239048385820451,1,6.522808427335239,7.965986586065837,1,3.4546192731268457,30.421428251210298,0.0012881755828857422,1.0,0.006290258374065161,0.030124430746536732,1,0.007705852389335632,0.030448449170899016,1,5.362244129180908,8.74187898635864,1,2000.0,1932.3806960650754
0.002,0.008,5.0,100,3,0.550296325633268,1.8839890956878664,0.3691230410136712,0.0091411108671477,0.0419200705380374,1,0.0067239606716157,0.0266910141951078,1,5.406379975346003,8.974114214803578,1,10.65988017844512,35.01971465165891,1.8106849193573,0.8256085361787262,0.005200138356059,0.0401690648899327,1,0.0070915903206072,0.0330038028191846,1,5.953214515984113,9.095496656470086,1,17.23796297577332,72.44234399331657,1.66749906539917,0.1503834611537179,0.0060241736528686,0.0357160783850868,1,0.0079281412367056,0.029999363272169,1,5.07180596315729,9.234637728883024,1,7.227017278905731,16.85084151101428,0.0013358592987060547,1.0,0.006632128730416298,0.030356304560746096,1,0.007636172231286764,0.03014525152325403,1,5.366772651672363,8.849718146026133,1,1909.796726734638,2000.0
0.002,0.008,5.0,100,0,0.5503553930585124,1.8989250659942627,0.4128042680893631,0.0053158964079981,0.0399403223648397,1,0.0114202517532954,0.0386131367725477,1,5.082446072245388,9.10931334310554,1,30.40925213063525,23.82201940209269,1.8936901092529297,0.8392797599199733,0.0045232844290968,0.0298329197282669,1,0.0055092449801647,0.0296381898274161,1,6.519710783627679,8.918320978508245,1,10.888388593244612,127.90299835115556,1.6730830669403076,0.134378126042014,0.0041927553784366,0.0355178141372096,1,0.0102957619563943,0.028333729807292,1,4.731699022650496,8.856047293483202,1,22.196914313853274,18.62663606499092,0.001667022705078125,1.0,0.006415214389562607,0.03123713463314743,1,0.007811370771378279,0.02937292410178997,1,5.4156494140625,8.82018889337778,1,2000.0,1847.829718742225
0.002,0.008,5.0,100,4,0.5460211401087505,1.834036111831665,0.3444481493831277,0.0105897619940494,0.0489838663659413,1,0.0073450980512536,0.0348195108428168,1,5.837076711927133,8.79752848061619,1,6.503855724331069,29.43124718144411,1.817373275756836,0.8389463154384795,0.0065232745785377,0.0372086260000598,1,0.0055942453829698,0.0288594111590687,1,5.96877870007054,8.815031345208277,1,24.550673385314777,59.62610911961822,1.6656599044799805,0.1427142380793598,0.0029977886338169,0.0316614968647954,1,0.0087208156491316,0.0226301310232415,1,4.3839523590267975,8.172448204555234,1,22.601115715367907,10.706751962043583,0.0017211437225341797,1.0,0.006394422147423029,0.031411631001264984,1,0.007637328002601862,0.029272684063380433,1,5.4187421798706055,8.812338371574878,1,1919.3775839452562,1800.9005044446542
0.002,0.008,5.0,100,6,0.5499881624762876,1.8161680698394775,0.3731243747915972,0.0060791513857136,0.0323011948553157,1,0.0104894410051107,0.0404328918066089,1,6.087961284359282,9.151453071254602,1,13.475054342431184,39.75995641229792,1.83941912651062,0.8106035345115038,0.0051667868841675,0.0348987005831531,1,0.0058003120444266,0.0317227861646213,1,6.16367767462423,8.716679110953006,1,6.501749117165391,93.929088754917,1.7102761268615725,0.1523841280426809,0.0080746041448383,0.0366051735686214,1,0.0095269863472659,0.0377695914554646,1,5.0752146887005,8.396645177834273,1,14.375234407756148,19.89020771417146,0.0015559196472167969,1.0,0.006720065139234066,0.030707444804011164,1,0.007748683914542198,0.03142919291208272,1,5.508764743804932,8.732489132881161,1,2000.0,1756.8455930869031
0.002,0.008,5.0,100,5,0.5395150590235562,1.8741669654846191,0.3964654884961653,0.0029507520205135,0.0215355421982525,1,0.010454886648037,0.0323599201190201,1,5.795305070587069,8.840971762411654,1,24.138808991438857,38.34158077966531,1.8868820667266848,0.8149383127709237,0.0058515249904099,0.0339427674202592,1,0.0058146764194671,0.0311220636687852,1,6.04238584404892,9.151529235889242,1,15.498209812608426,97.76039150832273,1.700927972793579,0.136378792930977,0.0115073259310045,0.0376874873360916,1,0.0041307636247224,0.0266789556154672,1,6.65793774588242,7.80001031892083,1,9.143401820407854,24.723810492011616,0.001558065414428711,1.0,0.0061521707102656364,0.030982785035621373,1,0.007317888084799051,0.02860452333807186,1,5.430871963500977,8.898058937489987,1,2000.0,1678.3972503542388
0.002,0.008,5.0,100,7,0.5458565258253594,1.843178987503052,0.3761253751250417,0.0066734696902288,0.0334766677448086,1,0.008137725043747,0.0330398352778851,1,6.047718567508224,8.938225752118166,1,15.02369377172945,37.39494446208395,1.8956151008605957,0.7982660886962321,0.0050190830429447,0.0333755703821296,1,0.0098892587449165,0.035615298442715,1,5.847557857906866,9.084678065963509,1,16.464934602768945,61.07452440170427,1.5598409175872805,0.1337112370790263,0.0152600656790376,0.0318356641520557,0,0.0004164523195461,0.0020422815988959,0,7.279447429961942,5.721692759625814,1,6.861030679174376,41.248150212432535,0.0013911724090576172,1.0,0.006206495221704245,0.030281746411856127,1,0.007699191104620695,0.02915169761745344,1,5.397865295410156,8.775445349514484,1,2000.0,2000.0
0.002,0.008,5.0,100,9,0.5414001325785474,1.8515949249267576,0.4008002667555852,0.00448906150906,0.0286523453376654,1,0.0081751317422641,0.0256684877714449,1,4.899575874277974,8.820059628494024,1,17.193009238851545,21.81363763476185,1.8325822353363037,0.8259419806602201,0.0037420586125043,0.0282238377193135,1,0.0091265520082942,0.0403168190229266,1,6.398686286984841,8.850795481666282,1,33.89786288515054,94.1119179672719,1.533456802368164,0.1290430143381127,0.0031848936457502,0.0190846024434546,1,0.0136915931211342,0.0424216692869495,1,7.014416849796173,7.377287718025893,1,5.804225187824142,23.608745346549107,0.001711130142211914,1.0,0.006116364151239395,0.030989590032504566,1,0.007506365422159433,0.027613945843995676,1,5.546658039093018,8.717521776258945,1,1866.4489699897815,1760.443609959242
0.002,0.008,5.0,100,8,0.551381515225842,1.812510967254639,0.371457152384128,0.0053221756306386,0.0324685730069038,1,0.0097811375332096,0.0318159095686988,1,4.803921980892776,9.045296657242744,1,49.77785124210566,22.06270270270305,1.887509822845459,0.816272090696899,0.0044144020404731,0.0353439146233276,1,0.0078569497906129,0.0349191191371286,1,5.928942020660725,9.240843054663069,1,25.448339767219615,73.57356630735846,1.562136173248291,0.1403801267089029,0.00404875393598,0.0294908440838813,1,0.0107029311315719,0.0288820208895518,1,5.040237170877561,8.64161329221948,1,27.166840637913463,26.271359196402727,0.0016970634460449219,1.0,0.006403918378055096,0.029484037247721046,1,0.007723445072770119,0.031423154705407796,1,5.482265472412109,8.864189891517162,1,2000.0,1872.6430226934067
0.002,0.008,5.0,100,10,0.5421840525268476,1.83152174949646,0.3997999333111037,0.0045330239017984,0.0322407494771974,1,0.0105594010519064,0.0355097396668174,1,5.350640741894618,9.206076951323242,1,29.534483941728833,25.000770308235374,1.8655331134796145,0.8269423141047015,0.0053300362156375,0.0357104360406462,1,0.0058565647161166,0.0279974116399845,1,5.825030655868742,9.18620032564033,1,29.116230257018387,103.32642721147133,1.5423550605773926,0.1513837945981994,0.0115998887407161,0.0354181362495052,1,0.0023306706805455,0.010663455489613,1,6.466794931541688,8.942391133509648,1,5.297310434737174,11.94149387127451,0.0015609264373779297,1.0,0.005972249433398247,0.029833403751763278,1,0.00755248824134469,0.029634969417474982,1,5.3508501052856445,8.690401844680308,1,1958.594533461117,2000.0
0.002,0.008,5.0,100,11,0.5487385075587937,1.800856113433838,0.4004668222740913,0.0049033920449975,0.0297942194649767,1,0.0105339425685092,0.0391026856176839,1,4.947382829247586,9.1908582312476,1,40.66285320154243,28.819352484204135,1.805778741836548,0.804268089363121,0.005777704904772,0.0363020410284518,1,0.0061865740289662,0.0295055798072902,1,5.956438080497124,9.241764749980504,1,7.251337820582009,87.25633325330865,1.4325509071350098,0.1623874624874958,0.0110471776179519,0.0429165530447926,1,0.0077297750997963,0.0429337128536305,1,4.730377166945351,9.079091973403733,1,8.18309591648188,7.69231157551094,0.0014231204986572266,1.0,0.0062158419750630856,0.029454273441569964,1,0.007599677890539169,0.02896696281186449,1,5.424079418182373,8.781502597033978,1,2000.0,2000.0
0.002,0.008,5.0,100,13,0.530935640096186,1.7763640880584717,0.3857952650883627,0.0052145331592982,0.0296678337086875,1,0.0077513047311636,0.0294133057798117,1,5.38035661969852,8.691628245412621,1,32.96223359404331,49.22994114727185,1.8230938911437988,0.8382794264754918,0.0062472078204043,0.037224306691879,1,0.0035124472578275,0.0259203468667184,1,6.180573559167789,8.72881966610332,1,30.198011064622673,106.97303686086896,1.428642988204956,0.1380460153384461,0.00831003631749,0.0381178455087096,1,0.0090124634926342,0.0299494867477413,1,5.319885493243346,9.117257852227151,1,11.053037684068908,11.3736872935814,0.001383066177368164,1.0,0.005955576431006193,0.02945029356533264,1,0.006890276912599802,0.028009905848693957,1,5.37430477142334,8.732924155890942,1,1737.6843298007734,2000.0
0.002,0.008,5.0,100,12,0.5483242018769573,1.7924420833587646,0.4161387129043014,0.0050614432686215,0.0316689520373338,1,0.0113866262521366,0.0407012342723466,1,5.234443207012264,9.262713480009,1,28.827011106479336,47.67865614321743,1.82572078704834,0.8176058686228743,0.0069941805648448,0.0387150767371942,1,0.0049605506429935,0.0259367219485679,1,6.121192264272591,9.086337259066218,1,14.906825028513298,55.91740281357542,1.4201993942260742,0.1410470156718906,0.0075358023697965,0.0386219696742782,1,0.0119380792833792,0.0403232330130893,1,5.915258558395476,8.830351679740593,1,5.241999932242228,12.83239826090208,0.0014371871948242188,1.0,0.0066155195236206055,0.032863459122881876,1,0.007585899904370308,0.02764285842108616,1,5.435787200927734,8.651974602043627,1,2000.0,1450.840048785898
0.002,0.008,5.0,100,14,0.5497123914181187,1.8425638675689695,0.3337779259753251,0.0113732620948335,0.0412028037255151,1,0.003209186783045,0.0144655319817736,1,6.132625474331139,8.964829730208239,1,7.702217680945867,12.568430276097128,1.7940149307250977,0.8309436478826275,0.004826302339306,0.0308398395098024,1,0.0057224664981875,0.027838125485062,1,5.837173576789086,9.092041444060998,1,30.994660871245376,61.41396747261943,1.4239728450775146,0.1473824608202734,0.0042578033403768,0.0261838788663917,1,0.0099433660474951,0.0358793734345554,1,4.870203665309151,8.998157996601037,1,20.773822545892592,17.22491547444602,0.0013670921325683594,1.0,0.006167926825582981,0.029950651839635606,1,0.007892988622188568,0.029243574484553368,1,5.427277565002441,8.816210401058196,1,2000.0,1617.7562430011308
0.002,0.008,5.0,100,15,0.5435756641829639,1.8127222061157229,0.339779926642214,0.0055841308424805,0.0286810532863277,1,0.007953054370035,0.0343955461686205,1,6.042402536568195,9.14395484064407,1,9.262076324874911,27.254603506416625,1.8294899463653564,0.8199399799933311,0.0051129192968017,0.0344209064851521,1,0.005664888874593,0.0273325933891228,1,5.482876674868139,9.151680447850504,1,26.736641691286156,55.50435625632711,1.418622970581055,0.1433811270423474,0.0052581137504154,0.0307871336552931,1,0.007653018740247,0.0249746492840634,1,5.103782128870225,9.108297160958385,1,14.771877410949552,14.72812287348181,0.0013549327850341797,1.0,0.006127205677330494,0.02936693018186813,1,0.007628702558577061,0.02840784682375663,1,5.446350574493408,8.791580300033091,1,1893.844769134842,1557.4129733530647
