p1_true,p2_true,tau_true,J,rep,obs,GPS-ABC_secs,GPS-ABC_acc,GPS-ABC_p1,GPS-ABC_p1_cilen,GPS-ABC_p1_cov,GPS-ABC_p2,GPS-ABC_p2_cilen,GPS-ABC_p2_cov,GPS-ABC_tau,GPS-ABC_tau_cilen,GPS-ABC_tau_cov,GPS-ABC_ess_p2,GPS-ABC_ess_tau,GPS-ABC-ref_secs,GPS-ABC-ref_acc,GPS-ABC-ref_p1,GPS-ABC-ref_p1_cilen,GPS-ABC-ref_p1_cov,GPS-ABC-ref_p2,GPS-ABC-ref_p2_cilen,GPS-ABC-ref_p2_cov,GPS-ABC-ref_tau,GPS-ABC-ref_tau_cilen,GPS-ABC-ref_tau_cov,GPS-ABC-ref_ess_p2,GPS-ABC-ref_ess_tau,DNN-ABC_secs,DNN-ABC_acc,DNN-ABC_p1,DNN-ABC_p1_cilen,DNN-ABC_p1_cov,DNN-ABC_p2,DNN-ABC_p2_cilen,DNN-ABC_p2_cov,DNN-ABC_tau,DNN-ABC_tau_cilen,DNN-ABC_tau_cov,DNN-ABC_ess_p2,DNN-ABC_ess_tau
0.0001,0.01,3.0,100,0,0.5956648848942828,8.554523944854736,0.432810936978993,0.006776725082407276,0.03764867933510373,1,0.01253690679849215,0.0373643390626033,1,5.210468448734897,8.997655536788958,1,12.214059210316924,50.01944271274098,1.7171270847320557,0.7435811937312438,0.006249953194720921,0.03829981455582979,1,0.009227396262945426,0.034396352641945516,1,5.917895565580046,9.006197762330135,1,19.19011444938935,50.574450962731994,1.5469589233398438,0.1373791263754585,0.0038954753606280815,0.03539004687835136,1,0.016537320498982537,0.04486185722990636,1,5.2640862803370325,8.84094996721027,1,24.458155598099825,16.365658505806447
0.0001,0.01,3.0,100,1,0.6024275613303259,7.596706867218018,0.4211403801267089,0.007567026243869034,0.0420810296462849,1,0.012196647244069797,0.03305033883956306,1,4.169355772102221,8.990936421736818,1,45.48392341584532,40.24920735142054,1.686075210571289,0.7532510836945648,0.008638000054111266,0.03727220838104226,1,0.008027360969630123,0.03697057503058063,1,6.735027722807952,8.756767943849775,1,16.334269114863194,90.49802435856923,1.5658609867095947,0.136378792930977,0.012916797677890194,0.04427145898236018,1,0.007670249946915056,0.024931841404980976,1,5.410899202699102,9.022073868579803,1,4.048705089405038,9.009966747180302
0.0001,0.01,3.0,100,2,0.5891368349118412,5.801641941070557,0.41213737912637544,0.002419559450605832,0.017256569129284555,1,0.014185186760909858,0.03905102158217548,1,4.827331590085718,8.83909842148131,1,45.28299523309496,47.07116356788001,1.7141523361206055,0.7792597532510837,0.005422632786592372,0.03323168482259886,1,0.006858809710509551,0.032818451238552114,1,6.32941518938156,9.03842708584346,1,17.857517303058557,86.86472184913633,1.5206279754638672,0.14404801600533512,0.006226515909946048,0.03635049639759946,1,0.01379188469568833,0.043310218337851765,1,6.0047747772085565,8.422130677567635,1,9.021412093649753,21.10994718452145
0.0001,0.01,3.0,100,3,0.6005422580667318,4.576211929321289,0.42014004668222743,0.0045985878354472985,0.030848505107788107,1,0.01384873779705967,0.035029035821419405,1,5.163230980160342,9.12965546823735,1,41.169370949320445,65.86865941438461,1.7151360511779785,0.7465821940646882,0.006471461067052389,0.03727193232355194,1,0.012022888075808024,0.03808746959118699,1,5.059653829391376,8.969548486909613,1,36.86565030529195,78.23657896679313,1.5851678848266602,0.14138046015338446,0.008539337220261447,0.043162275486715376,1,0.013571914190752108,0.033817038273734626,1,5.8054769945838745,8.723262115083529,1,7.7806911295079075,21.4342166692314
0.0001,0.01,3.0,100,4,0.5986299475821453,3.9862680435180664,0.3624541513837946,0.010820315466208668,0.041887831212840815,1,0.010577222005468739,0.036524725615113794,1,5.930030905060972,8.91259135654053,1,9.946781887430909,35.09344426442844,1.653244972229004,0.7485828609536512,0.006987459160911863,0.04028489024008137,1,0.012363557940201808,0.042199163538332564,1,5.469099908739023,9.082536059150609,1,23.644401564458093,47.63799937166295,1.568222999572754,0.14038012670890296,0.007815146196832275,0.03237751718709372,1,0.010215237991974192,0.04024872788270573,1,5.2594866174126995,8.748456821077681,1,5.916206642670829,6.878223998642153
0.0001,0.01,3.0,100,5,0.5900512247987961,3.459143877029419,0.36178726242080694,0.008607887519386643,0.03833503147866441,1,0.01034516826041797,0.0365267554762247,1,5.240993605657155,8.745961325155694,1,12.286677397595026,28.393349901273915,1.683485984802246,0.764921640546849,0.007102084303773604,0.03753959689234887,1,0.008609055599505394,0.035089017177064856,1,5.747719771556534,9.219085472527581,1,13.931265326059561,74.2305341731677,1.5439581871032715,0.13804601533844615,0.006351857524815227,0.038773422733064486,1,0.012592276968029342,0.04631800425689395,1,5.786445329075091,9.434607751859854,1,15.737262664929283,10.46638617146158
0.0001,0.01,3.0,100,7,0.5886010933980486,2.280595064163208,0.4041347115705235,0.008147893221582242,0.03247619100516626,1,0.011466002602146794,0.04190971658909194,1,6.407611162178368,9.234011696516026,1,4.827414701280152,33.76803707110274,1.687647819519043,0.75891963987996,0.009002992787565322,0.043791026442361033,1,0.005119320677608094,0.03540222090972831,1,6.3024413934727335,8.900189404218187,1,21.60407039236467,72.1563945709718,1.4981579780578613,0.15071690563521173,0.008269588470846282,0.03738656820983416,1,0.012004946925716542,0.04429174724677354,1,5.681151502638511,9.567377524277317,1,24.514574134840938,10.377447876465057
0.0001,0.01,3.0,100,8,0.5751078707698022,2.2180821895599365,0.3644548182727576,0.00492523968312851,0.03520866266599265,1,0.011443176015701337,0.03675847154118491,1,4.375510322912709,9.264817600070769,1,83.15530491332474,42.819724234901116,1.6991779804229736,0.7789263087695899,0.006395731049638222,0.034905710882129244,1,0.007420151134724405,0.03285702628978865,1,5.827085989547138,9.046162130398011,1,27.209786835761047,80.0501276505768,1.5606210231781006,0.14971657219073026,0.0046536474868837776,0.03077075989601519,1,0.011670229853439788,0.03661907605310431,1,5.347270520654618,8.568549832051877,1,25.19026469192821,22.576147137728615
0.0001,0.01,3.0,100,6,0.5901253264711686,2.3874459266662598,0.41613871290430143,0.005729920012672978,0.03849262890384958,1,0.013182758541072277,0.04038180231722414,1,4.461567609039556,9.146352060439455,1,51.25952999312971,42.12684171729667,1.6949820518493652,0.7579193064354784,0.007507191467116835,0.039225485810517755,1,0.013146775903314756,0.04089927874241978,1,5.989684898733599,9.05328971339455,1,14.25545173923818,68.12730316394347,1.5613319873809814,0.1587195731910637,0.014188777224711877,0.04145189629280145,1,0.005961716732720479,0.03768311616137861,1,6.384836944888287,9.37563021111124,1,6.246732727711482,12.160406786096926
0.0001,0.01,3.0,100,9,0.5964544315872281,1.9491751194000244,0.41513837945981996,0.006714636119473344,0.03612014773442959,1,0.012034852535558376,0.03922669742042978,1,4.356167732711769,9.093036165615874,1,21.56161008953418,42.862626380092514,1.715203046798706,0.7552517505835279,0.0076457111728484295,0.03713421518681233,1,0.007923383051255062,0.039742085655994325,1,6.043603583795202,9.252560448509962,1,15.10936916147864,60.3377726921697,1.5515379905700684,0.1393797932644215,0.012030189301423102,0.043930171262066435,1,0.009477359900490381,0.027843534335110644,1,5.750382116057616,8.730592621514953,1,5.2549780920312426,22.724050471180202
0.0001,0.01,3.0,100,10,0.5966583602318528,1.778028964996338,0.3881293764588196,0.007861377601640447,0.032990448304792946,1,0.007938802293260784,0.02834533895164159,1,5.366330363495941,9.38005151639751,1,8.091623685418464,12.62166099054888,1.7033190727233887,0.7515838612870956,0.009068617830644877,0.04033885287810694,1,0.009609767637395326,0.03667331218774635,1,5.948877792685687,9.243828695407997,1,10.06623429798974,62.51479050509162,1.5245609283447266,0.13604534844948316,0.013070293613020673,0.04861338376248259,1,0.007515051925490717,0.023988075186862932,1,5.462413472168065,8.676472946987163,1,6.88033709237408,13.084077955716118
0.0001,0.01,3.0,100,11,0.5959102743363554,1.6970179080963135,0.41147049016338777,0.008906909160450987,0.03901848490907446,1,0.010847389254783103,0.030980309769350126,1,4.3148611718563865,9.435043582776515,1,24.111716656989366,40.91070895671128,1.7443630695343018,0.7692564188062687,0.007074377936414075,0.03607757417733563,1,0.0037007691086689957,0.030854801982337223,1,6.67828117525882,8.189050394791243,1,16.37946373588038,117.15218039319056,1.5989069938659668,0.14138046015338446,0.0024498708842054895,0.017766921815967465,1,0.01682944611442703,0.04491948115611924,1,5.721398948496377,8.279000021508294,1,11.53004825351285,13.144903278975839
0.0001,0.01,3.0,100,12,0.600961322895509,1.6996610164642334,0.40880293431143716,0.007198478318763469,0.030715224080683595,1,0.00959019802740033,0.027637601637832715,1,5.167685352950566,9.46227648743397,1,8.176791373646461,8.882844717549897,1.6763288974761963,0.7565855285095031,0.007605945113336136,0.03860194839465776,1,0.008556101890523183,0.035401167061504354,1,6.130405686689062,8.830864203889664,1,13.3104387710436,53.23948727982704,1.5618901252746582,0.15271757252417473,0.0056162668551757505,0.025472327292589175,1,0.011386448307675408,0.036760654335473965,1,4.267403145526341,9.234378818384837,1,15.14632890373868,10.337183566887424
0.0001,0.01,3.0,100,13,0.5997208056376414,1.66560697555542,0.3687895965321774,0.011767757749746564,0.04255346142270643,1,0.008369633515850681,0.03358233641335815,1,6.262735005172923,9.065186816453904,1,4.601847390720314,37.692932909855486,1.6973068714141846,0.7782594198066022,0.006301767996448171,0.033847199520403284,1,0.00948611843436342,0.03760632180629168,1,6.256028825470265,8.874474963793041,1,18.121085469301118,93.30708640631146,1.6187210083007812,0.1417139046348783,0.00927738518550949,0.041313401211771426,1,0.011575405064368872,0.04253396452834547,1,6.113314819327311,9.109604927706295,1,7.946031380765959,13.425750006733102
0.0001,0.01,3.0,100,14,0.5876536266618331,1.7485461235046387,0.3584528176058686,0.007700095036625979,0.039624450480003105,1,0.010265901148204363,0.038206636731378855,1,5.355333819815595,8.857071171870736,1,8.425996792097028,40.491935591009856,1.7060410976409912,0.7859286428809603,0.006660099542041715,0.03360422137933197,1,0.007738729296102669,0.030547447794559122,1,6.016310633013517,9.003736655797677,1,23.604252422989884,73.19916996144399,1.5305869579315186,0.1427142380793598,0.009502949562441305,0.04270426889673388,1,0.007567198791779583,0.021876161284245195,1,5.180111586694245,9.288177415320323,1,9.645231532871893,15.21890286239054
0.0001,0.01,3.0,100,15,0.6013825814982657,1.7271151542663574,0.39413137712570856,0.007290080123721129,0.031933894956300224,1,0.011214058433264286,0.04083088282215665,1,5.842725197859847,9.077545875009815,1,4.872976182413024,17.787920128392983,1.6712250709533691,0.7525841947315772,0.006499299110924948,0.03898057943565495,1,0.011211879375523615,0.042512476246065724,1,6.419401013090957,8.788053759732698,1,8.179891071084548,105.21611617289753,1.5691969394683838,0.14204734911637212,0.0030309462646657885,0.028655405141544302,1,0.01398340103511918,0.03904495915030729,1,4.446861485462619,8.661015021262864,1,13.878383885493449,11.801484747808853
0.0001,0.01,7.0,100,0,0.5099504817636846,1.7401039600372314,0.3671223741247082,0.0034524573976651273,0.023218149037813038,1,0.008710957949336327,0.035455823539668696,1,5.660619221557485,9.280333906673805,1,29.67904240548636,24.52564745589426,1.7205328941345215,0.8209403134378126,0.004683983868027249,0.030126248072725337,1,0.005138874372121866,0.03179744807047481,1,6.100546369148795,9.08816334666164,1,24.24899383856619,106.81695639409124,1.5112707614898682,0.13471157052350782,0.0044480894455248676,0.03168573315279319,1,0.006247095573043521,0.018758404584503577,1,4.835916839431462,8.828761974605074,1,18.650730622934883,17.680903118311026
0.0001,0.01,7.0,100,1,0.5022903847702902,1.6599750518798828,0.3431143714571524,0.006591706839364003,0.03777011194070679,1,0.006207674454725712,0.02797980955226005,1,4.713357385235355,9.20729730235456,1,11.679227308148414,27.237521113989658,1.7109031677246094,0.8559519839946649,0.004242501939202056,0.02911884124345796,1,0.004115465265074576,0.02270610224653634,1,5.613335096958983,9.11831810138536,1,19.01027076998441,113.18897483555381,1.575674057006836,0.1533844614871624,0.011796757663417366,0.04543497093902556,1,0.0035224313566676853,0.02459513259890055,1,5.668914034414956,9.016875048923728,1,3.4130196040204903,12.150406382978568
0.0001,0.01,7.0,100,2,0.5076115954094989,1.6836040019989014,0.33311103701233746,0.008878179242153858,0.04104313985952746,1,0.006836980349408692,0.035806013351836606,1,5.85501978442658,9.060053827759909,1,7.295125086731726,14.555612893523389,1.6846859455108643,0.8546182060686895,0.0037289520469877147,0.028510875931705343,1,0.00225795229090656,0.017325282476380616,1,6.141875954532759,9.014694996326261,1,30.662312825173647,107.74954118281242,1.5262939929962158,0.14938312770923642,0.007837457157267108,0.039308064710778,1,0.007262310116541654,0.026343158400022906,1,4.611665674052338,9.233351897402953,1,7.494889802165895,9.135322976317422
0.0001,0.01,7.0,100,3,0.5124711313034277,1.7086381912231445,0.32344114704901633,0.00798026649723217,0.04222253456421028,1,0.0046980474169474136,0.026424298423135144,1,5.623781100373191,9.396055660597572,1,7.203114944977,20.083669333137053,1.688720941543579,0.843947982660887,0.00451083192361262,0.030760427782195107,1,0.005418137965667302,0.026634255560830353,1,5.687651775196335,9.120902587792711,1,20.135273789197363,66.25815180152857,1.5753452777862549,0.16572190730243413,0.0034989449134902773,0.018560607599622733,1,0.007588532251107159,0.024684113180925817,1,4.719586558141782,9.19990702009976,1,27.206750317641223,18.11334203924411
0.0001,0.01,7.0,100,4,0.5109267189945548,1.670511245727539,0.3741247082360787,0.0056148124210753545,0.027456889358839113,1,0.006908182287580485,0.026350121570112992,1,5.7249779812023,9.264345234175444,1,15.958433821255332,24.999135288808755,1.7460780143737793,0.8242747582527509,0.004191842239700568,0.027746508098246723,1,0.006000222571201966,0.02915418158594102,1,5.387436383319435,9.330610883166353,1,29.566868091227217,65.44838238846037,1.5914669036865234,0.11437145715238413,0.002314049995282052,0.009371034877388735,1,0.0104365065531541,0.03299156954686303,1,6.81104569852063,7.716782150359875,1,9.710404871926617,12.529738963495792
0.0001,0.01,7.0,100,5,0.5070283296193577,1.6921699047088623,0.3284428142714238,0.008186088399181517,0.03252121771778507,1,0.005492940391395373,0.037740212548158694,1,7.087465268001298,7.538087494045399,1,5.26959231065479,62.64289772132084,1.739715814590454,0.8589529843281094,0.0039769614117434165,0.028904461090655777,1,0.0034194970098410716,0.0204724167931082,1,5.9737392717849,9.123674988271226,1,34.61234827082256,77.13321262033317,1.5637190341949463,0.14671557185728576,0.007015582487669711,0.033182861811699355,0,0.00631781748380453,0.015140615473018353,1,5.926494930520452,8.28689550587076,1,21.824693926897314,12.770090423362042
0.0001,0.01,7.0,100,6,0.5072444311077183,1.6978211402893066,0.30776925641880626,0.006903354574003973,0.028499057057184387,1,0.0053930993459757985,0.025577899858426446,1,6.176399036648585,9.328132225902126,1,7.729699009189331,30.6598438785495,1.7113428115844727,0.8612870956985662,0.003688977968235849,0.028650652050108402,1,0.0026561613526322157,0.016890141715775107,1,5.489387582181559,9.14227030525971,1,18.393358941827778,56.97553351269766,1.5650370121002197,0.15938646215405136,0.007658156237248909,0.04241624634359871,1,0.005182832241190156,0.020883114141649204,1,6.1800942583854495,8.727965608483483,1,10.262411522024836,14.334355734288835
0.0001,0.01,7.0,100,7,0.5120427404549356,1.6905710697174072,0.3757919306435478,0.0045521082178150716,0.023459755292100544,1,0.0074261352983940355,0.02941848489420746,1,5.766706701136822,9.064441436773242,1,26.63710615534075,24.44263304193405,1.7164201736450195,0.8269423141047015,0.004883938348916878,0.03388299400085761,1,0.005586715454907501,0.02964221323578255,1,5.609356150856704,9.148972666204646,1,18.089765791292987,46.43164984260234,1.5587079524993896,0.11670556852284095,0.002717630347828331,0.026189698436560573,1,0.014913461489803468,0.043000099975398685,1,7.541461039359597,6.52858116984663,1,13.043290967460718,17.67579398471688
0.0001,0.01,7.0,100,8,0.5060475959675133,1.7042210102081299,0.3401133711237079,0.006646570803829292,0.038203787922929076,1,0.005882275867033285,0.03085854737891105,1,5.896077809686596,9.437160332970016,1,3.8723539767017328,21.704588777723846,1.7029292583465576,0.8496165388462821,0.004232662562442451,0.03197838856574428,1,0.005067285412556478,0.02807148897449056,1,5.557251974558052,9.12445591924958,1,25.437316823646217,39.158948363540546,1.563858985900879,0.14538179393131043,0.007499603467607174,0.03702004998118572,1,0.0069618550614011605,0.03998602412010592,1,5.543575543136278,8.810679330365648,1,7.925576610949311,12.265910907722208
0.0001,0.01,7.0,100,9,0.5067964630974866,1.6594672203063965,0.33644548182727574,0.008056196694274558,0.041430358404550345,1,0.007785497941353572,0.03793203963783501,1,6.1001375832555444,9.185867724478651,1,4.878707906855809,24.579938864339145,1.7019951343536377,0.8369456485495165,0.005898547295589851,0.03798457470086628,1,0.004504248919277633,0.020681550764475427,1,5.570826038660504,9.182352759424887,1,18.09938585999233,86.84771314101205,1.5732898712158203,0.1407135711903968,0.005951792666184135,0.030578450899131426,1,0.006353319549819432,0.022933568189658544,1,5.788023458620624,9.107010414005199,1,4.726480370498124,7.3449525931584985
0.0001,0.01,7.0,100,10,0.500843187364011,1.6811628341674805,0.3324441480493498,0.00815537599273198,0.036255303181001855,1,0.0037880946320675885,0.012268380816640874,1,5.1339952931043715,9.1543058218724,1,15.3860993217783,27.53911532522675,1.6491813659667969,0.835945315105035,0.004436151919693741,0.03491797754889761,1,0.004415551907919912,0.02718113581155684,1,5.647406963866801,9.061151138609478,1,15.141882656797346,66.67286971446013,1.562345027923584,0.13437812604201402,0.013795385950940766,0.04875797327767659,0,0.0026612502889848894,0.01333340402040274,1,6.499712147931042,7.590276527994936,1,3.908200984502463,28.870614691528292
0.0001,0.01,7.0,100,12,0.5104511436598362,1.6762239933013916,0.32144048016005333,0.008058431191334219,0.032791518550759166,1,0.0042963519309318675,0.027758828274686925,1,6.889347599729671,8.65857853979845,1,3.8803232343627316,40.492489996494186,1.7046260833740234,0.8436145381793931,0.005570246388068984,0.03280137369502991,1,0.00350567648258759,0.02478329202988709,1,6.304425547919521,8.864332033327697,1,22.472518894981093,102.60533901051261,1.5547478199005127,0.1460486828942981,0.003009924565434486,0.02286285570014243,1,0.00854202001776584,0.031055304740078296,1,4.361195205615033,8.857873928942261,1,17.782906261174553,18.366428970961184
0.0001,0.01,7.0,100,11,0.5135303752039121,1.7475090026855469,0.3581193731243748,0.005793276300631892,0.03110321394254735,1,0.006551190864140622,0.026835854356172528,1,5.349584572139545,9.383575108844223,1,14.37634426255618,41.06821754998153,1.7067346572875977,0.8429476492164054,0.004920471872592784,0.034887113559293755,1,0.004105385855464758,0.025354637138294715,1,5.654940740586273,9.343022571804708,1,20.742666495287637,42.60026217401554,1.5549030303955078,0.14638212737579193,0.004966773863127344,0.025225292109892047,1,0.004744906599668964,0.018563231419633862,1,4.639425583959141,9.111077389561444,1,7.628572913106592,7.647366845446877
0.0001,0.01,7.0,100,13,0.5090130333998579,1.6989359855651855,0.3484494831610537,0.007586783987547936,0.04154055952977945,1,0.005683760788334265,0.025979244706394036,1,5.504857452302439,9.100255596669548,1,7.835761886737623,17.751772872659334,1.695094108581543,0.8519506502167389,0.0035393882873007636,0.028438235346448525,1,0.003927508869913066,0.021892212049704353,1,5.8920680523781215,9.156809584461595,1,30.382746126764108,91.66314302323195,1.6025919914245605,0.14871623874624876,0.007400697701687338,0.03770522750422929,1,0.0065199786346148165,0.031245018516757535,1,5.100755853311828,9.301801011951069,1,23.43197554821978,23.809039657638483
0.0001,0.01,7.0,100,14,0.5053962511856553,1.6788170337677002,0.33611203734578193,0.005642770487413809,0.03402504612363696,1,0.007431315585935176,0.03098216439605309,1,6.148615241120911,9.498234298844169,1,12.162062633040803,19.933069762287378,1.701361894607544,0.8602867622540847,0.004157537969289003,0.033266336188984384,1,0.004255835796877076,0.027309553136380473,1,5.986311553637537,8.996753979992508,1,20.604131639040183,109.2710321832082,1.5389299392700195,0.13671223741247082,0.008351972919763244,0.036311459090088725,1,0.006087305125995093,0.02946906677790016,1,5.8772257009047255,8.550260094217064,1,4.846823810747259,26.40732805983469
0.0001,0.01,7.0,100,15,0.510649700740689,1.6968629360198975,0.2900966988996332,0.011011585994641812,0.038773161866563176,1,0.004432249281150847,0.027793142988928776,1,5.596910399374992,9.320064357044156,1,4.427506706719302,25.377729727737172,1.695906639099121,0.8472824274758253,0.006037507362010249,0.037777864669963745,1,0.0037841647500926174,0.019806532811829786,1,5.917994553748791,8.906460034828621,1,19.479509105361103,49.16941649453915,1.5798490047454834,0.1503834611537179,0.00924388485905661,0.03552337030722763,1,0.004161308008620367,0.027666484891792863,1,6.803471972156659,8.431276377614005,1,6.484632257711659,40.30199569495254
0.002,0.008,5.0,100,0,0.5503553930585124,1.7080318927764893,0.4128042680893631,0.005315896407998135,0.03994032236483979,1,0.011420251753295406,0.038613136772547775,1,5.082446072245388,9.10931334310554,1,30.40925213063525,23.82201940209269,1.722693681716919,0.8392797599199733,0.00452328442909681,0.02983291972826696,1,0.005509244980164715,0.029638189827416145,1,6.519710783627679,8.918320978508245,1,10.888388593244612,127.90299835115557,1.5989649295806885,0.13437812604201402,0.00419275537843662,0.03551781413720963,1,0.01029576195639437,0.02833372980729202,1,4.731699022650496,8.856047293483202,1,22.196914313853274,18.62663606499092
0.002,0.008,5.0,100,2,0.5314687599696423,1.7216260433197021,0.3307769256418806,0.007977299733079889,0.03921918574610088,1,0.0054916849770757425,0.024871835441898926,1,5.957683457917566,8.795028666771321,1,9.442635936743974,49.481911843468524,1.704585075378418,0.8236078692897633,0.0037689813664623043,0.033227795229357995,1,0.004882647650492981,0.03320987795619341,1,6.422703637175263,8.566222519173934,1,30.238917006607082,95.26094146402643,1.6029341220855713,0.1460486828942981,0.005000774590958507,0.023959551869949542,1,0.008557536547817796,0.03625460844715811,1,6.346152604800107,8.490833278839366,1,12.747935346801135,21.949738167957957
0.002,0.008,5.0,100,1,0.5459889392710615,1.6965770721435547,0.41947315771923976,0.004327482202751988,0.029449927001961362,1,0.008741925107254656,0.021328658964884496,1,4.347474252265935,9.091924748986512,1,55.029410133836826,35.02441729637733,1.7281627655029297,0.8349449816605535,0.005984888454250088,0.03732600009162495,1,0.004809425605967576,0.03159271837056775,1,6.010729208951518,8.734086666749489,1,25.856000362734488,91.15093085505404,1.5662789344787598,0.1397132377459153,0.012776042917420653,0.044285370695276084,1,0.00436201089674329,0.02390483858204517,1,6.522808427335239,7.965986586065837,1,3.4546192731268457,30.421428251210294
0.002,0.008,5.0,100,3,0.550296325633268,1.6735148429870605,0.3691230410136712,0.009141110867147778,0.041920070538037424,1,0.00672396067161571,0.026691014195107866,1,5.406379975346003,8.974114214803578,1,10.65988017844512,35.01971465165891,1.7294340133666992,0.8256085361787262,0.005200138356059038,0.0401690648899327,1,0.007091590320607298,0.03300380281918463,1,5.953214515984113,9.095496656470086,1,17.23796297577332,72.44234399331657,1.5694458484649658,0.1503834611537179,0.00602417365286861,0.03571607838508683,1,0.007928141236705679,0.029999363272169077,1,5.07180596315729,9.234637728883024,1,7.2270172789057305,16.85084151101428
0.002,0.008,5.0,100,4,0.5460211401087505,1.7514770030975342,0.34444814938312773,0.0105897619940494,0.0489838663659413,1,0.0073450980512536545,0.034819510842816814,1,5.837076711927133,8.79752848061619,1,6.503855724331069,29.431247181444114,1.734281063079834,0.8389463154384795,0.006523274578537746,0.03720862600005989,1,0.005594245382969897,0.02885941115906876,1,5.96877870007054,8.815031345208277,1,24.550673385314774,59.62610911961822,1.5675451755523682,0.1427142380793598,0.0029977886338169737,0.03166149686479541,1,0.008720815649131668,0.02263013102324158,1,4.3839523590267975,8.172448204555234,1,22.601115715367907,10.706751962043583
0.002,0.008,5.0,100,5,0.5395150590235562,1.7121269702911377,0.39646548849616536,0.0029507520205135484,0.02153554219825252,1,0.01045488664803706,0.03235992011902013,1,5.795305070587069,8.840971762411654,1,24.138808991438854,38.34158077966531,1.7737140655517578,0.8149383127709237,0.005851524990409975,0.033942767420259284,1,0.005814676419467108,0.031122063668785244,1,6.04238584404892,9.151529235889242,1,15.498209812608426,97.76039150832271,1.5953190326690674,0.136378792930977,0.011507325931004503,0.03768748733609161,1,0.004130763624722459,0.02667895561546721,1,6.65793774588242,7.80001031892083,1,9.143401820407854,24.723810492011616
0.002,0.008,5.0,100,6,0.5499881624762876,1.7646088600158691,0.3731243747915972,0.0060791513857136915,0.03230119485531574,1,0.010489441005110739,0.040432891806608987,1,6.087961284359282,9.151453071254602,1,13.475054342431184,39.75995641229792,1.7556028366088867,0.8106035345115038,0.005166786884167532,0.0348987005831531,1,0.005800312044426672,0.031722786164621396,1,6.16367767462423,8.716679110953006,1,6.501749117165391,93.92908875491699,1.5164921283721924,0.1523841280426809,0.008074604144838399,0.03660517356862143,1,0.009526986347265929,0.03776959145546464,1,5.0752146887005,8.396645177834273,1,14.375234407756148,19.89020771417146
0.002,0.008,5.0,100,8,0.551381515225842,1.7072901725769043,0.371457152384128,0.005322175630638673,0.03246857300690387,1,0.00978113753320967,0.031815909568698814,1,4.803921980892776,9.045296657242744,1,49.77785124210566,22.062702702703046,1.6950130462646484,0.816272090696899,0.0044144020404731045,0.03534391462332761,1,0.007856949790612971,0.034919119137128606,1,5.928942020660725,9.240843054663067,1,25.448339767219615,73.57356630735846,1.50380277633667,0.14038012670890296,0.004048753935980077,0.029490844083881303,1,0.01070293113157198,0.028882020889551805,1,5.040237170877561,8.64161329221948,1,27.166840637913463,26.271359196402727
0.002,0.008,5.0,100,7,0.5458565258253594,1.736940860748291,0.3761253751250417,0.006673469690228831,0.033476667744808675,1,0.008137725043747025,0.03303983527788517,1,6.047718567508224,8.938225752118166,1,15.02369377172945,37.394944462083956,1.7530202865600586,0.7982660886962321,0.005019083042944753,0.03337557038212964,1,0.00988925874491657,0.03561529844271501,1,5.847557857906866,9.084678065963507,1,16.464934602768945,61.07452440170427,1.540398120880127,0.13371123707902635,0.01526006567903768,0.0318356641520557,0,0.00041645231954616496,0.0020422815988959337,0,7.279447429961942,5.721692759625814,1,6.861030679174376,41.248150212432535
0.002,0.008,5.0,100,9,0.5414001325785474,1.7189319133758545,0.4008002667555852,0.0044890615090600414,0.028652345337665443,1,0.008175131742264162,0.025668487771444964,1,4.899575874277974,8.820059628494024,1,17.193009238851545,21.81363763476185,1.7065658569335938,0.8259419806602201,0.0037420586125043276,0.02822383771931359,1,0.009126552008294217,0.04031681902292668,1,6.398686286984841,8.850795481666282,1,33.89786288515054,94.1119179672719,1.4958300590515137,0.12904301433811272,0.00318489364575025,0.01908460244345462,1,0.013691593121134243,0.042421669286949584,1,7.014416849796173,7.377287718025893,1,5.804225187824142,23.608745346549107
0.002,0.008,5.0,100,10,0.5421840525268476,1.7666409015655518,0.3997999333111037,0.004533023901798485,0.03224074947719748,1,0.010559401051906437,0.035509739666817405,1,5.350640741894618,9.206076951323242,1,29.534483941728833,25.000770308235378,1.710270881652832,0.8269423141047015,0.005330036215637532,0.03571043604064629,1,0.005856564716116608,0.027997411639984565,1,5.825030655868742,9.18620032564033,1,29.116230257018387,103.32642721147133,1.4732859134674072,0.1513837945981994,0.011599888740716194,0.03541813624950528,1,0.0023306706805455673,0.010663455489613064,1,6.466794931541688,8.942391133509648,1,5.297310434737174,11.94149387127451
0.002,0.008,5.0,100,11,0.5487385075587937,1.7443029880523682,0.40046682227409136,0.00490339204499755,0.029794219464976707,1,0.010533942568509206,0.03910268561768396,1,4.947382829247586,9.1908582312476,1,40.66285320154243,28.819352484204135,1.7658047676086426,0.804268089363121,0.005777704904772099,0.03630204102845184,1,0.00618657402896629,0.02950557980729028,1,5.956438080497124,9.241764749980504,1,7.251337820582009,87.25633325330865,1.4256601333618164,0.16238746248749583,0.01104717761795199,0.042916553044792694,1,0.007729775099796365,0.04293371285363057,1,4.730377166945351,9.079091973403731,1,8.18309591648188,7.69231157551094
0.002,0.008,5.0,100,12,0.5483242018769573,1.7808072566986084,0.41613871290430143,0.005061443268621552,0.031668952037333886,1,0.011386626252136647,0.04070123427234668,1,5.234443207012264,9.262713480009,1,28.827011106479336,47.67865614321743,1.7413229942321777,0.8176058686228743,0.006994180564844869,0.03871507673719429,1,0.004960550642993503,0.02593672194856791,1,6.121192264272591,9.086337259066218,1,14.906825028513298,55.91740281357542,1.43678617477417,0.14104701567189062,0.007535802369796572,0.038621969674278264,1,0.011938079283379244,0.040323233013089314,1,5.915258558395476,8.830351679740593,1,5.241999932242228,12.83239826090208
0.002,0.008,5.0,100,13,0.530935640096186,1.7242403030395508,0.38579526508836276,0.005214533159298276,0.02966783370868754,1,0.0077513047311636865,0.029413305779811705,1,5.38035661969852,8.691628245412621,1,32.96223359404331,49.22994114727185,1.728956937789917,0.8382794264754918,0.006247207820404359,0.03722430669187908,1,0.0035124472578275893,0.025920346866718458,1,6.180573559167789,8.72881966610332,1,30.198011064622673,106.97303686086897,1.4126839637756348,0.13804601533844615,0.008310036317490077,0.03811784550870968,1,0.009012463492634237,0.029949486747741318,1,5.319885493243346,9.117257852227153,1,11.053037684068908,11.3736872935814
0.002,0.008,5.0,100,14,0.5497123914181187,1.7620410919189453,0.33377792597532513,0.011373262094833553,0.04120280372551511,1,0.0032091867830450383,0.014465531981773687,1,6.132625474331139,8.964829730208239,1,7.702217680945867,12.568430276097127,1.7799890041351318,0.8309436478826275,0.004826302339306011,0.030839839509802406,1,0.005722466498187543,0.027838125485062027,1,5.837173576789086,9.092041444060998,1,30.994660871245376,61.41396747261943,1.4263789653778076,0.14738246082027343,0.004257803340376864,0.026183878866391758,1,0.009943366047495175,0.03587937343455548,1,4.870203665309151,8.998157996601037,1,20.773822545892592,17.22491547444602
0.002,0.008,5.0,100,15,0.5435756641829639,1.749931812286377,0.33977992664221407,0.005584130842480572,0.028681053286327737,1,0.00795305437003505,0.03439554616862058,1,6.042402536568195,9.14395484064407,1,9.262076324874911,27.254603506416625,1.773681879043579,0.8199399799933311,0.005112919296801731,0.03442090648515213,1,0.0056648888745930185,0.027332593389122802,1,5.482876674868139,9.151680447850504,1,26.736641691286156,55.50435625632711,1.3978800773620605,0.14338112704234746,0.0052581137504154685,0.03078713365529311,1,0.007653018740247035,0.02497464928406343,1,5.103782128870225,9.108297160958383,1,14.771877410949553,14.72812287348181
