p_true,J,rep,obs,MOM,MLE,ABC-MCMC,ABC-MCMC_cilen,ABC-MCMC_acc,GPS-ABC,GPS-ABC_cilen,GPS-ABC_acc,DNN-ABC,DNN-ABC_cilen,DNN-ABC_acc
0.0001,10,4,0.025268342405736433,8.422320595130595e-05,8.871558947072247e-05,0.00012495472432632853,0.0005250351570583163,0.5993322203672788,0.0001196109820604067,0.00012015043579987237,0.6861435726210351,0.00011135505452458013,0.00012382796217707344,0.6944908180300501
0.0001,10,2,0.03194735900646324,7.348118334987719e-05,7.771669844379511e-05,0.00014281528923332609,0.0003476457802757763,0.6060100166944908,0.00020164763275679794,0.00023999521297586395,0.6527545909849749,0.00018196692164452842,0.000191876215687517,0.676126878130217
0.0001,10,7,0.027907542566707515,5.257204130304505e-05,5.551189337222373e-05,0.00011710094174009831,0.00035915727237524376,0.6243739565943238,0.00015680353180591713,0.00017271168675360416,0.672787979966611,0.00013741840768904636,0.00017920732597667623,0.664440734557596
0.0001,10,19,0.025520898029690008,7.34300707828095e-05,7.765563331109808e-05,6.034980770125515e-05,0.00016526182870611527,0.6160267111853088,0.00012789810294837743,0.00016039684639649915,0.6894824707846411,0.00012054066402085423,0.00014658138048239612,0.6527545909849749
0.0001,10,21,0.02522560863076554,9.461149054629248e-05,9.983613938154488e-05,0.00011980880201460705,0.00024624941073052455,0.5909849749582637,0.00012177786199711934,0.0001260090839944897,0.6494156928213689,0.00011761964439046349,0.00012955294462970178,0.679465776293823
0.0001,10,18,0.02450052426240077,9.692083938095397e-05,0.0001025443102647373,0.00011671734765955738,0.0002658165891363339,0.6894824707846411,0.00012162654196414776,0.00018645347166975035,0.662771285475793,0.00010597358204672082,0.0001207921075080577,0.6961602671118531
0.0001,10,17,0.02284989943610511,9.672919793679569e-05,0.00010214567658572837,8.120049570725672e-05,0.00022223868916940447,0.6193656093489148,9.995607489257533e-05,8.783040740079292e-05,0.6844741235392321,9.685151379318173e-05,0.00010957025894094933,0.6494156928213689
0.0001,10,5,0.019211518417617462,4.177170082220183e-05,4.42603572809011e-05,9.868080003485439e-05,0.00026341374779501563,0.6494156928213689,7.415848725728841e-05,0.00010838625701265549,0.674457429048414,7.251356081411912e-05,0.000101057480374593,0.7011686143572621
0.0001,10,22,0.01931238892080578,3.826371144444174e-05,4.048951059876447e-05,8.358739818301778e-05,0.00022273710981192402,0.669449081803005,7.747690033938341e-05,9.245230493952841e-05,0.672787979966611,7.203437356504226e-05,8.032705618390576e-05,0.7045075125208681
0.0001,10,10,0.014656853281240067,3.681530154925339e-05,3.8887682865271336e-05,4.477199312340256e-05,0.00011821671119814938,0.6844741235392321,4.337838596960565e-05,5.949513278844773e-05,0.6811352253756261,3.851735499094828e-05,4.582845668580447e-05,0.7278797996661102
0.0001,10,8,0.01730531805146379,3.179783894019517e-05,3.357502686869106e-05,4.9940000643261025e-05,0.00012227636223831385,0.6844741235392321,5.970364280311869e-05,7.074607627181604e-05,0.676126878130217,5.7539338545909045e-05,7.237819008029382e-05,0.7145242070116862
0.0001,10,16,0.023248630922683207,3.948664798048007e-05,4.160888486346096e-05,5.344428052027101e-05,0.00017262279045426356,0.5559265442404007,0.00010283082253329923,0.00014635898200627585,0.67779632721202,9.924560398810476e-05,0.00012164476687543269,0.6894824707846411
0.0001,10,23,0.015091155655203747,3.709180609762219e-05,3.9257502520718424e-05,8.59319427284372e-05,0.0003728106025313496,0.6811352253756261,4.395685415737809e-05,4.952531700771248e-05,0.672787979966611,4.20403270119444e-05,5.041399150804071e-05,0.7161936560934892
0.0001,10,13,0.016325341853773438,2.6470171218595517e-05,2.796268599566523e-05,4.3074151537324316e-05,0.0001157301049722684,0.6393989983305509,5.2100960541836926e-05,5.627658042331858e-05,0.666110183639399,5.0661349251986e-05,6.830516878988951e-05,0.7278797996661102
0.0001,10,12,0.014515254476534784,3.264387942930602e-05,3.4538658819860876e-05,3.6100897507531304e-05,0.00011235872428238886,0.679465776293823,4.276039399330018e-05,4.477553290240187e-05,0.6828046744574291,4.097840164947881e-05,5.946627486000745e-05,0.7646076794657763
0.0001,10,24,0.052265177875519,0.000507461013473709,0.0005366236441578018,0.00023126394226253273,0.0006920399343606775,0.5242070116861436,0.000501732737786097,0.0005833753227559115,0.679465776293823,0.00048172660145627994,0.0004815389328802295,0.6327212020033389
0.0001,10,3,0.01298430408190685,3.7683256651932506e-05,3.993696539150006e-05,3.099357938091053e-05,6.591316851589803e-05,0.654424040066778,3.2587377123993666e-05,3.979105648053407e-05,0.7061769616026711,3.0139613383220454e-05,2.915153754357894e-05,0.7512520868113522
0.0001,10,6,0.02867920078709494,6.947134373147534e-05,7.369164145541835e-05,7.6276830437319e-05,0.0003770504618530917,0.42237061769616024,0.00015219397056891897,0.00018774386191237002,0.6377295492487479,0.0001499924903769845,0.00017129480111991973,0.7078464106844741
0.0001,10,9,0.011757759547643099,3.038950738681878e-05,3.2158163456422184e-05,3.736629202727296e-05,8.398423814933643e-05,0.7278797996661102,2.78936494296058e-05,2.891311988298573e-05,0.667779632721202,2.7137023626279564e-05,4.4262837064377974e-05,0.7595993322203672
0.0001,10,20,0.007253239954881649,7.123539950304458e-06,7.554414748874977e-06,2.037410390487389e-05,2.649105291346736e-05,0.667779632721202,1.3950214650779981e-05,1.1617695585175536e-05,0.5893155258764607,1.3925537699727906e-05,1.260488368433715e-05,0.6343906510851419
0.0001,10,0,0.008941173291010419,1.4350511230443175e-05,1.5219203039666336e-05,2.0464622335671446e-05,3.507091186114179e-05,0.6961602671118531,1.6342869693921717e-05,1.7372267890916294e-05,0.7429048414023373,1.70531424618337e-05,2.0005054518590992e-05,0.7979966611018364
0.0001,10,11,0.013899336330066852,1.912556043531799e-05,2.018278639295342e-05,3.447898390642513e-05,7.992422339072004e-05,0.664440734557596,4.100739473674735e-05,4.9371660142265476e-05,0.662771285475793,3.77384789161222e-05,6.234108725410867e-05,0.7328881469115192
0.0001,10,15,0.013707412736217301,2.4712940920434967e-05,2.6114924568213264e-05,2.903447469652903e-05,7.077965877525536e-05,0.6828046744574291,3.7293599116455384e-05,4.551341023745449e-05,0.6894824707846411,3.249859827278278e-05,4.578232790332884e-05,0.7696160267111853
0.0001,10,14,0.010057648208342325,2.1929876625914613e-05,2.3260068812723634e-05,2.765804282100404e-05,5.842534653711361e-05,0.7095158597662772,1.963083531131756e-05,2.1277403290401043e-05,0.7562604340567612,2.1486496971068055e-05,2.8838165107136084e-05,0.8013355592654424
0.0001,10,28,0.02344129373711389,0.00022337039525266444,0.00023707147629096725,0.00019024341544534042,0.0008072147235282622,0.6310517529215359,0.00010687016458031446,0.00015347704498954893,0.7145242070116862,0.00010094625632533007,0.00011642594194372264,0.6894824707846411
0.0001,10,1,0.002967231695705852,3.894478683375002e-06,4.140057900139862e-06,1.777173060940552e-05,2.8931318003894767e-05,0.2938230383973289,1.065094553294394e-05,2.0289140701597307e-06,0.22036727879799667,1.073748469158439e-05,3.508795509119677e-06,0.28046744574290483
0.0001,10,26,0.02444065444498824,5.7022360777814196e-05,6.0078637028297784e-05,0.00012077596335934482,0.0003285388746039808,0.6243739565943238,0.00011699580598668215,0.00013609777245049024,0.6444073455759599,0.00010968311648878873,0.00012399543067809148,0.6828046744574291
0.0001,10,32,0.015588497047853936,2.023975730153227e-05,2.13544602266649e-05,6.72311371189314e-05,0.00020494960444591273,0.6844741235392321,5.051453697513469e-05,5.69889367393961e-05,0.6844741235392321,4.3657180479518e-05,6.16898372655286e-05,0.7445742904841403
0.0001,10,31,0.03257612665521138,0.0001787172836256734,0.00018945383984421302,0.00016014516984631645,0.0005734973839233941,0.5876460767946577,0.000206895800617908,0.0002290433137660565,0.67779632721202,0.00019672520719290256,0.00021068777561293158,0.659432387312187
0.0001,10,25,0.014808072995308846,2.979788180695886e-05,3.145242924914536e-05,4.352752624686013e-05,0.0001167858349027669,0.6844741235392321,4.5193316285141645e-05,4.902626744296796e-05,0.6878130217028381,4.444979648810771e-05,6.77426795229706e-05,0.674457429048414
0.0001,10,27,0.011698118955202832,1.3788845872608757e-05,1.4614522206490426e-05,3.5349123837660324e-05,8.182874172796273e-05,0.671118530884808,2.7087458433147905e-05,3.2866888185086656e-05,0.6427378964941569,2.507272434743629e-05,3.119649705983025e-05,0.7445742904841403
0.0001,10,33,0.026487010030037034,0.0001300639555077976,0.0001376840848686571,7.949542717920483e-05,0.00028488313176826843,0.5943238731218697,0.0001455639416925862,0.00023749619930889758,0.6844741235392321,0.00013438778604493633,0.00014940546842933435,0.6811352253756261
0.0001,10,35,0.032505445416557845,0.0001367546666297681,0.00014474331236352783,0.00013957379471962012,0.0005202281077098965,0.5525876460767947,0.00020192035399242488,0.00026968038746225814,0.6894824707846411,0.00016957676489015054,0.00019677286086580047,0.6828046744574291
0.0001,10,29,0.023972964472036572,7.183140983979541e-05,7.603883877424768e-05,5.956218772874933e-05,0.00028158309568797454,0.5225375626043406,0.0001106245866705843,0.000140910666232818,0.6510851419031719,0.00010800299135166669,0.00011878441241337494,0.676126878130217
0.0001,10,30,0.01624373973139097,3.155205240068515e-05,3.338789569597501e-05,3.980903662341282e-05,0.0001717860770247506,0.6277128547579299,5.191014594857173e-05,7.349150212127706e-05,0.666110183639399,5.4357445558944234e-05,6.952053277931139e-05,0.7195325542570952
0.0001,10,36,0.01963765123487999,0.00033763985738655133,0.0003592671365713442,6.732589530147098e-05,0.00013410849475010265,0.662771285475793,7.60825996101332e-05,9.39119979160639e-05,0.676126878130217,7.539601502947595e-05,9.983829527387782e-05,0.7061769616026711
0.0001,10,34,0.02265646061751113,7.340432594687973e-05,7.73354958711239e-05,6.094936752823208e-05,0.00018358738181259565,0.5843071786310517,9.953001527083941e-05,0.00011361490555062448,0.6494156928213689,9.575392982856193e-05,9.459690597392431e-05,0.7262103505843072
0.0001,10,37,0.022149325443411718,3.9155385442690704e-05,4.131456525974148e-05,5.030079238933822e-05,0.00017143626884869997,0.5959933222036727,9.837268343177507e-05,9.66939810105537e-05,0.667779632721202,8.918185105922383e-05,0.0001032740571898013,0.7278797996661102
0.0001,10,39,0.02151496112965668,6.871481909054289e-05,7.277954931586866e-05,8.781331137808287e-05,0.00030895006996927815,0.6060100166944908,9.179878018453333e-05,0.00012222035709238366,0.6260434056761269,9.547945612402849e-05,0.0001274437816784179,0.679465776293823
0.0001,10,38,0.016917098481184164,2.1123983950432912e-05,2.2336171169764348e-05,5.90319439116132e-05,0.0002348333619238372,0.6477462437395659,5.40547709248404e-05,6.173651050976705e-05,0.6260434056761269,5.627373143226703e-05,7.077964632283964e-05,0.7078464106844741
0.0001,50,9,0.025382020738505,0.00012828554124111324,0.00013538475377481348,0.00014948742639471268,0.0002807947871820486,0.5191986644407346,0.00011822158534321484,0.00014001923122647315,0.6961602671118531,0.00011553279905353795,0.00012735998984142805,0.6811352253756261
0.0001,50,11,0.022556134728686596,3.9437184794544056e-05,4.1638673160893296e-05,0.00010299936357820425,0.00018864536490996155,0.5425709515859767,9.49391643273045e-05,0.00011576129514907408,0.67779632721202,9.454716324800347e-05,0.00012005525987785153,0.7095158597662772
0.0001,50,7,0.019273613839421003,5.889430740230184e-05,6.224857889159553e-05,8.220090811680412e-05,0.00019927847169082995,0.5642737896494157,8.190467990881887e-05,9.96610037901506e-05,0.671118530884808,6.989467955545874e-05,8.260103343143987e-05,0.7178631051752922
0.0001,50,23,0.024902144789859082,0.00023828433699779605,0.00025151186241807613,0.00012488771589947952,0.0001654525457500405,0.6076794657762938,0.00012183775113277865,0.0001519968181814554,0.664440734557596,0.00010749513076552653,0.00012257409231819695,0.7228714524207012
0.0001,50,13,0.0303012259797494,0.0003920628421538175,0.0004142026693332272,0.00016518452567121546,0.0002458553424411226,0.5592654424040067,0.0001749894622846478,0.0002132656540260779,0.657762938230384,0.0001718724490666432,0.00017348178300492936,0.6878130217028381
0.0001,50,17,0.03039916303801352,8.857432970987844e-05,9.340470004215151e-05,0.0001917463863971915,0.00037416461045306426,0.5826377295492488,0.00017612203722337729,0.00020496648145195982,0.6878130217028381,0.0001591921360543742,0.00017325196902629809,0.6811352253756261
0.0001,50,2,0.023525646620551253,5.028038235938004e-05,5.3062095516038575e-05,0.00011311507883648852,0.00018521727182702985,0.5859766277128547,0.00011279028751867683,0.0001415006174678027,0.6477462437395659,0.00010728877144670405,0.00019186789079274629,0.7078464106844741
0.0001,50,10,0.02631172667650969,0.00013080343340121647,0.00013835226233670778,0.00013012664760740926,0.00021237379872256917,0.5976627712854758,0.00013661402115575482,0.00018435989012046506,0.7011686143572621,0.0001228018771226682,0.00016989193758590895,0.671118530884808
0.0001,50,21,0.021218941933347422,4.4310878952569244e-05,4.672391330334571e-05,7.098776097435519e-05,0.00014873407069905843,0.5308848080133556,9.243130991872292e-05,0.0001219106690617282,0.6811352253756261,7.837443594056076e-05,0.00010081913485162968,0.7011686143572621
0.0001,50,4,0.02096164791548947,4.406850296251319e-05,4.6537581064648944e-05,8.089323833897212e-05,0.00011823196995914523,0.5559265442404007,8.023940490398599e-05,7.747537697654187e-05,0.7045075125208681,7.391180422882636e-05,9.535561723687241e-05,0.6994991652754591
0.0001,50,20,0.029041859973632414,0.00013316489397346976,0.00014086084523341102,0.00012762950892600757,0.0002132839198334876,0.5642737896494157,0.0001592072594880755,0.0001649909696749734,0.6427378964941569,0.00016055077709604265,0.00017687849568721875,0.7128547579298832
0.0001,50,22,0.029585889836023917,0.00021526186489645438,0.00022745387548785094,0.00017064193608821966,0.00031837131545219254,0.5893155258764607,0.00017193632212202995,0.00018877377997855406,0.66110183639399,0.00016493738278058702,0.0001845804173488954,0.654424040066778
0.0001,50,12,0.019458992090375875,6.218923307316215e-05,6.584586100982585e-05,7.970490047338792e-05,0.00014423402969700769,0.6126878130217028,7.137161688116703e-05,8.76974301402182e-05,0.6293823038397329,6.877521552435093e-05,8.872120645814007e-05,0.7212020033388982
0.0001,50,14,0.02313992185287992,6.44813422618351e-05,6.816492158075428e-05,9.280686269989953e-05,0.0001533210856137621,0.5843071786310517,0.0001018101324971178,0.00013356726100914132,0.654424040066778,0.00010516832411047795,0.00014324252436171127,0.6878130217028381
0.0001,50,5,0.019190727701751335,0.00011009908601683494,0.00011632669874843366,6.700841892667953e-05,0.00011536435236634545,0.6160267111853088,7.164829088296376e-05,8.459613270708633e-05,0.6928213689482471,6.845530517200385e-05,7.508710277547224e-05,0.7128547579298832
0.0001,50,8,0.01908214973859722,2.9253005869089854e-05,3.09362815953854e-05,6.259533579450604e-05,9.454509027929291e-05,0.5626043405676127,7.050408044217376e-05,7.691448910897893e-05,0.6928213689482471,6.807116707487697e-05,7.92302584668145e-05,0.7095158597662772
0.0001,50,15,0.026758746066470072,7.825745113165805e-05,8.262869955589049e-05,0.00012910087684927835,0.0002294918173216367,0.5191986644407346,0.00013226532032531278,0.00016832224509813094,0.6878130217028381,0.0001264443914658848,0.0001871997174719776,0.659432387312187
0.0001,50,16,0.018386560258453193,4.3092732246119425e-05,4.555916064740792e-05,6.899922247997184e-05,8.916280392732575e-05,0.6193656093489148,6.0083501624389745e-05,8.554974000731929e-05,0.6894824707846411,6.353598263121596e-05,7.997581910046528e-05,0.7295492487479132
0.0001,50,1,0.01877319045517657,6.329310159935986e-05,6.698779686803403e-05,5.9123691296636135e-05,0.00013167864908097425,0.5759599332220368,6.400069076723242e-05,6.398005162884616e-05,0.6360601001669449,7.010896085579727e-05,9.15330407872181e-05,0.7011686143572621
0.0001,50,6,0.018147237892403034,2.89575950296328e-05,3.0558366403777776e-05,5.352557012299044e-05,0.00010130258521991898,0.5876460767946577,6.513509209481167e-05,9.10716574161584e-05,0.7061769616026711,6.434840433156952e-05,8.750419528439677e-05,0.7345575959933222
0.0001,50,19,0.01696727920408565,4.5833359542390983e-05,4.8448053221213814e-05,5.9378973494579876e-05,8.113265668442093e-05,0.6343906510851419,5.62508453390779e-05,6.386419105661322e-05,0.67779632721202,5.2178910351132294e-05,7.039529911547202e-05,0.7612687813021702
0.0001,50,0,0.014712238082588775,4.875612847127231e-05,5.1530214344505466e-05,4.14143158532712e-05,6.793716722484173e-05,0.5792988313856428,4.03279006007208e-05,3.983041239191881e-05,0.667779632721202,4.093784840815548e-05,5.971407968996115e-05,0.7395659432387313
0.0001,50,3,0.015898116902531203,3.988786207015371e-05,4.2126252815266934e-05,4.310714406532893e-05,8.303982159659627e-05,0.5843071786310517,4.686303565541994e-05,5.00419328345681e-05,0.676126878130217,4.473735314032737e-05,5.753379610089236e-05,0.7445742904841403
0.0001,50,26,0.018560640110414695,5.727922716319833e-05,6.053507850395721e-05,5.301981104819877e-05,0.00011418287283236397,0.5041736227045075,7.227647154004734e-05,7.61780244221134e-05,0.6444073455759599,6.596902623561654e-05,8.125909329332782e-05,0.7195325542570952
0.0001,50,38,0.031146868341434663,0.0004764346847279666,0.0005033658236547977,0.0001917083462393207,0.00021017712376622896,0.6126878130217028,0.00017748510638426236,0.00018534502831761405,0.669449081803005,0.00017685166429065415,0.0002010015324685607,0.6828046744574291
0.0001,50,25,0.019404005487863096,4.8830307412983665e-05,5.165031134396552e-05,7.058961318946849e-05,0.00012387857629458392,0.5642737896494157,6.96395730754725e-05,7.111847345150953e-05,0.679465776293823,7.191636673433402e-05,7.224359304314174e-05,0.7512520868113522
0.0001,50,32,0.024038105451329148,5.184503805388818e-05,5.4777977666963426e-05,0.00010507574244269774,0.00016583141656331367,0.6126878130217028,0.0001143718783200117,0.0001278386829347544,0.669449081803005,0.00011090559105622008,0.00014139631371324707,0.6928213689482471
0.0001,50,34,0.025612159467430583,7.194102022922699e-05,7.610464048354413e-05,0.00014496857045414064,0.0002389335911302545,0.6160267111853088,0.0001316533582237417,0.0001514648213215756,0.6928213689482471,0.00012246193092634578,0.00014668497458484285,0.7045075125208681
0.0001,50,24,0.014178153007774254,3.998536803467845e-05,4.227745213835186e-05,3.9294301460518624e-05,5.866052970422575e-05,0.6093489148580968,4.5261941928437747e-05,8.465521257937065e-05,0.659432387312187,3.928811286050096e-05,5.321765555191847e-05,0.7161936560934892
0.0001,50,28,0.02477349195838642,7.271637823919042e-05,7.686523242062084e-05,0.00011070390676853912,0.0001781266736399401,0.6160267111853088,0.00011453496733769647,0.00014796230796507476,0.664440734557596,0.00010710581309754948,0.00015683643590575148,0.667779632721202
0.0001,50,30,0.02985210306183894,0.00015235995067491848,0.00016115333548082406,0.00012877343730824587,0.00025298663277857495,0.4941569282136895,0.00018320174136536712,0.00019001129712539224,0.666110183639399,0.00017183623950368194,0.00018591917934880379,0.679465776293823
0.0001,50,18,0.011601659268885742,3.0499973213193865e-05,3.227422168413197e-05,2.6137279237492172e-05,4.5135976288008025e-05,0.67779632721202,2.62141351500782e-05,2.777390555979808e-05,0.6811352253756261,2.558460203850994e-05,3.154983311986141e-05,0.7712854757929883
0.0001,50,39,0.016644423014452823,2.9571086594792906e-05,3.127729025027254e-05,5.0555985149560215e-05,9.164433737419831e-05,0.5575959933222037,5.2807044013458586e-05,6.499935201642108e-05,0.6978297161936561,5.575760699638816e-05,0.0001099385274425249,0.7345575959933222
0.0001,50,35,0.023055883327638874,8.706140205771984e-05,9.19197189480706e-05,9.653342705924405e-05,0.00011729965834498938,0.5692821368948247,0.00010955845554711907,0.0001379941546050896,0.6527545909849749,9.512525165093475e-05,0.00011942465793596843,0.6844741235392321
0.0001,50,31,0.01908762882126033,4.0811388703099194e-05,4.310795386721411e-05,7.871196415355388e-05,0.00014822423912192598,0.5676126878130217,6.969698096123878e-05,6.888846662751904e-05,0.669449081803005,7.023308981056995e-05,8.895625276925298e-05,0.7345575959933222
0.0001,50,29,0.019912185666009226,4.8716394614900516e-05,5.144357768723957e-05,7.788317009423007e-05,0.00012541252894819144,0.5542570951585977,6.980140685327621e-05,7.403833579396434e-05,0.6944908180300501,7.465978526274951e-05,0.00010770316721077701,0.671118530884808
0.0001,50,27,0.015914040273245184,4.093056287679531e-05,4.3299523523283555e-05,5.082431409078254e-05,0.00010663192025289574,0.6093489148580968,4.901362651250744e-05,6.170044425625359e-05,0.669449081803005,4.7804612375745393e-05,5.7366326235129005e-05,0.6894824707846411
0.0001,50,33,0.015416060052717786,3.569411699433367e-05,3.7798136175389026e-05,4.840087620753533e-05,8.202862661064051e-05,0.6160267111853088,4.549580459548021e-05,5.118031916883737e-05,0.6293823038397329,4.521105685422427e-05,5.6268763989456575e-05,0.7011686143572621
0.0001,50,37,0.018874779699403724,4.8322779168663565e-05,5.108951049803386e-05,6.399993369544997e-05,0.00011895931525991091,0.5709515859766278,6.574879231190973e-05,9.093907524788272e-05,0.6510851419031719,7.15645886114243e-05,0.00010309773062445372,0.7145242070116862
0.0001,50,36,0.019515025713620616,4.8490824490932116e-05,5.1208455703100867e-05,5.5948964112748146e-05,0.00011269903475868664,0.46410684474123537,7.449829893418389e-05,8.19651804392277e-05,0.654424040066778,6.601771353503163e-05,7.756698828464078e-05,0.7245409015025042
0.0001,100,1,0.027103288773649523,9.848822839808591e-05,0.00010400424773308127,0.0001303498165373808,0.00016171665065108803,0.5308848080133556,0.00014495516191989562,0.00017973752036601681,0.666110183639399,0.00013081509398058178,0.0001820397110042654,0.6844741235392321
0.0001,100,9,0.028989255720432414,7.167402990898575e-05,7.569575206354811e-05,0.00014818055473459683,0.00017826253822499972,0.5692821368948247,0.0001556657896128045,0.0001921248564680576,0.6911519198664441,0.00014962326558198,0.00015998408964615766,0.657762938230384
0.0001,100,0,0.02608581965625215,0.00021499216150716594,0.0002272843039931794,0.00012360626836635275,0.0001548933878598634,0.5308848080133556,0.00012716193216340106,0.00013408644170490776,0.654424040066778,0.00011256512493259608,0.00014359722798198344,0.7028380634390651
0.0001,100,7,0.023185256261668407,9.036820492852593e-05,9.542145764283841e-05,9.555076214125431e-05,0.0001634090930315523,0.4941569282136895,0.00010281645758734455,0.00012519850652139376,0.7212020033388982,0.00010470714153717987,0.00010755405805084668,0.7028380634390651
0.0001,100,3,0.021222583289047362,0.00010808977730691893,0.00011428472853835957,9.101366770990763e-05,0.0001172313548142499,0.5075125208681135,8.561890642393293e-05,9.616704489448425e-05,0.667779632721202,8.503035273517103e-05,9.653290572830857e-05,0.6828046744574291
0.0001,100,4,0.027051671222214798,0.00012468322779146668,0.00013163827040627094,0.00012886742556564608,0.00017318193974911607,0.5709515859766278,0.00013853414934813125,0.00016876917417243823,0.654424040066778,0.00014454612741318337,0.00015667000151619996,0.6844741235392321
0.0001,100,8,0.0272218071951639,0.0001724302527405519,0.00018212644432451475,0.00013505826123953998,0.00015380338278236285,0.5609348914858097,0.00014552555114200874,0.0002262254301181929,0.7161936560934892,0.00012736696583799374,0.000136181510386364,0.671118530884808
0.0001,100,12,0.029454556437639196,0.00034693920434364367,0.0003671618673298215,0.0001742744584812232,0.0001699633959589979,0.5191986644407346,0.00016576519235618988,0.00015249423952732168,0.672787979966611,0.00015370444582151816,0.00018072730249794883,0.6944908180300501
0.0001,100,2,0.02200073860556976,6.929156816326554e-05,7.327454863387584e-05,8.885667454164696e-05,0.00012538685545333936,0.49081803005008345,0.00010466717254849378,0.00018565277844239306,0.6944908180300501,9.1564592375638e-05,9.829753278637875e-05,0.7629382303839732
0.0001,100,16,0.020419755343261854,5.358143260014714e-05,5.660690799081618e-05,7.859141575428796e-05,9.490118650785632e-05,0.5475792988313857,7.645820257451327e-05,8.506867184463431e-05,0.667779632721202,8.390824927965387e-05,9.666052617022261e-05,0.6944908180300501
0.0001,100,6,0.021595519871132125,5.514628680552969e-05,5.8312880865762296e-05,9.643795224945e-05,9.157936866537172e-05,0.5759599332220368,8.990344673155673e-05,0.00013081275904724846,0.67779632721202,8.388172757072938e-05,9.50129816492116e-05,0.6894824707846411
0.0001,100,5,0.019255042083160836,6.020927534117204e-05,6.361910046785034e-05,7.871703306508803e-05,9.559585866401692e-05,0.5358931552587646,7.622850687887979e-05,0.00017817690062877154,0.67779632721202,6.835249088725035e-05,9.695882185676788e-05,0.6961602671118531
0.0001,100,21,0.030658232639284678,0.0002793522757331135,0.00029541745473112235,0.00017907272345036383,0.00022402682944811373,0.5575959933222037,0.0001745482346518285,0.00018554549810291057,0.66110183639399,0.00017336457221494287,0.00020965901732590038,0.6327212020033389
0.0001,100,11,0.020889601891665454,6.41258336532835e-05,6.775506383499936e-05,8.221425874491454e-05,0.00010532916321929011,0.5525876460767947,8.282184197628025e-05,8.339182903892388e-05,0.6994991652754591,8.411603008296304e-05,0.00011268887415788226,0.7212020033388982
0.0001,100,10,0.021385802408860895,7.718882982327147e-05,8.15905784042919e-05,8.97500016631915e-05,9.463876910162426e-05,0.5091819699499165,8.954874859422913e-05,0.000108999646327514,0.6377295492487479,8.112637767389426e-05,0.00011918603016104957,0.7061769616026711
0.0001,100,14,0.02131277826107599,9.467091019293994e-05,0.00010003128224461499,8.744390679204912e-05,0.00012093911082564018,0.5175292153589316,8.847253926499254e-05,9.155688289890545e-05,0.6861435726210351,7.781691413963754e-05,0.00011320900513365304,0.7195325542570952
0.0001,100,23,0.025513961666993473,0.00012122446231405126,0.00012818267796743134,0.0001236967006370584,0.00013878434976586756,0.5726210350584308,0.0001243695076051781,0.0001526942303705779,0.657762938230384,0.00011498225815017525,0.00014519850284093973,0.6994991652754591
0.001,10,0,0.041174193690648384,0.00023433226604413493,0.00025104866393548724,0.00028013180026747596,0.0007650831572490762,0.6260434056761269,0.00032424653126185914,0.00035816301601620057,0.7045075125208681,0.00030434631522459305,0.000298569440584461,0.6310517529215359
0.0001,100,15,0.01931283524144167,3.9553186351848346e-05,4.17921624406056e-05,7.3830417592394e-05,0.00010203661783483051,0.5442404006677797,6.963921010315411e-05,7.462566736024915e-05,0.669449081803005,7.072601288345377e-05,0.00010320680763807186,0.6894824707846411
0.0001,100,17,0.021545254675820892,4.9218239854986745e-05,5.2037467314131595e-05,8.776358381184908e-05,9.297367389855785e-05,0.5492487479131887,9.417113310222987e-05,0.0001172135709522134,0.659432387312187,9.38787482540974e-05,0.00013542780787184112,0.659432387312187
0.001,10,1,0.07917230862519377,0.0009398121410429394,0.0010037352129094253,0.0008768611751234248,0.002805757339783302,0.6360601001669449,0.001144074269490004,0.001246591328126413,0.6894824707846411,0.0011388963142250465,0.0009943974078661841,0.5859766277128547
0.0001,100,25,0.0232363880704952,7.683410172915073e-05,8.120882002032278e-05,9.298514355943118e-05,0.00011815477418367936,0.5175292153589316,0.0001099761506165141,0.00014415039301315404,0.6828046744574291,9.489525553508329e-05,0.0001256642242296655,0.7061769616026711
0.0001,100,18,0.022744344482698034,6.734583573431152e-05,7.114921584870358e-05,0.00010238282672149669,0.00015331127305425965,0.5075125208681135,0.00010640306305191231,0.000137849117965923,0.6494156928213689,9.219876838123039e-05,0.00010421907477723558,0.7095158597662772
0.001,10,5,0.09793188842931952,0.0008702188109607767,0.0009408571412095584,0.0016467756734364187,0.004360593969810343,0.6327212020033389,0.0018593450460388284,0.002398045124001006,0.662771285475793,0.0017636476101939493,0.001585306903899005,0.5592654424040067
0.001,10,3,0.11291309431366833,0.000860387969229659,0.0009205514172450448,0.0021647041445037544,0.004760809805676147,0.674457429048414,0.002328418384294995,0.0032266918639799113,0.664440734557596,0.002382333194193004,0.0019094202379289402,0.5459098497495827
0.001,10,2,0.0792338316429889,0.0006709580849132979,0.0007204167647385278,0.0007906767496710396,0.0024901887441659935,0.6510851419031719,0.001231689817152966,0.0014426959438855651,0.6944908180300501,0.0011930356720861056,0.0009082981031516587,0.5676126878130217
0.001,10,6,0.10329703445986813,0.0008541746961172048,0.0009158043560916042,0.0019748629706931014,0.004464185686197052,0.6844741235392321,0.002059468834900514,0.002536567315183847,0.6510851419031719,0.001999018617715086,0.001410644872462783,0.5292153589315526
0.0001,100,27,0.023025640392611502,9.806707629950173e-05,0.00010365143969779933,9.379090580300531e-05,0.0001250519846266847,0.5191986644407346,9.462656334365545e-05,9.548030783766646e-05,0.667779632721202,9.887969226036294e-05,0.00011234788539544256,0.7145242070116862
0.001,10,7,0.10118988955126892,0.001961551355514679,0.002106753917531808,0.001203927926454953,0.0032977854914453507,0.5342237061769616,0.0019290499645718752,0.003069928982268125,0.671118530884808,0.0017970104913032662,0.0015268950818421276,0.5425709515859767
0.0001,100,13,0.01814304023520149,5.008135970552274e-05,5.290091204245758e-05,6.280175699151045e-05,5.8877818961328764e-05,0.5292153589315526,6.530678966739202e-05,7.710851252603585e-05,0.6861435726210351,6.159260633534581e-05,7.717394043843196e-05,0.7295492487479132
0.0001,100,22,0.02215327616921723,5.3723171827613214e-05,5.677687832490754e-05,9.750245042647305e-05,9.383995484471352e-05,0.5592654424040067,8.71151974539424e-05,8.696102091322196e-05,0.6911519198664441,9.394284387807209e-05,0.00010597466724847904,0.666110183639399
0.001,10,4,0.050022871111018705,0.0007621333576632305,0.0008235481740340545,0.0003895502052700587,0.0014739918893897517,0.5242070116861436,0.0004730472598289164,0.0005255832735490934,0.66110183639399,0.00047362933619401565,0.0004415375610766374,0.6210350584307178
0.0001,100,19,0.0203302802559334,7.822099469689814e-05,8.261221330893707e-05,7.351158622453577e-05,8.936025112085738e-05,0.5492487479131887,8.188586680657508e-05,9.52766390964282e-05,0.676126878130217,8.236894814143679e-05,0.0001091047847627586,0.669449081803005
0.001,10,11,0.10563825014919041,0.0040307628987135136,0.004331114338447929,0.0018214187697349435,0.004345436836786746,0.654424040066778,0.0021415424935084314,0.0028362744648789216,0.6510851419031719,0.001940546235309095,0.0015488440377411342,0.5642737896494157
0.001,10,12,0.08201876283601059,0.0008673911663516498,0.0009262792235164094,0.0009667115187763557,0.0023278744570447625,0.6410684474123539,0.0012205746182687492,0.0011791645815075703,0.7028380634390651,0.0012521566920276547,0.0008899967135367153,0.5859766277128547
0.001,10,9,0.0866930449540665,0.0013001701674167365,0.0014011414894198235,0.0013749897786763695,0.0036573686518501583,0.6076794657762938,0.0014372314127007206,0.001990599015991183,0.7145242070116862,0.0012896175559061855,0.000973630761614994,0.5709515859766278
0.001,10,8,0.05717964249111633,0.00044887300519341755,0.00048403057673231396,0.0006681923643644943,0.0019871828509492886,0.5692821368948247,0.000606908900674449,0.0006978116788864865,0.6894824707846411,0.0005636964203072731,0.0005839549213742904,0.6160267111853088
0.001,10,15,0.07918447916718516,0.0010297834336301381,0.0011016043317703859,0.0009899668632642993,0.0026878904752631254,0.664440734557596,0.0012048226444150737,0.001331711334707093,0.679465776293823,0.001124875798432958,0.000889820102899507,0.5709515859766278
0.001,10,17,0.06645104662217498,0.00034495187266891936,0.0003701576779328958,0.0008555709704183483,0.0021827067846520165,0.6026711185308848,0.0007871399213805515,0.0008803779538910991,0.6878130217028381,0.0007608258114202489,0.0005649813380146909,0.5575959933222037
0.001,10,14,0.0802102999915548,0.0009196821826804591,0.0009851355878792622,0.0014479679639970886,0.004791170070869962,0.6310517529215359,0.0011452983017171943,0.0010533422014321451,0.6861435726210351,0.0011729496707991096,0.0009671941063012116,0.5909849749582637
0.001,10,13,0.06682419334524388,0.000520436545141556,0.0005569429690853274,0.0007164230007255637,0.0015101934138974855,0.6210350584307178,0.0008284063675395989,0.0010568264997183503,0.6510851419031719,0.0007787973059441928,0.0008092260163681507,0.5893155258764607
0.001,10,16,0.07101083601064215,0.0005024466171180131,0.0005403476803278759,0.0008656447819640842,0.0015601975724815406,0.6494156928213689,0.0009299563678807749,0.0010668243929559354,0.676126878130217,0.0008559210507108962,0.0008081429413994392,0.5843071786310517
0.001,10,22,0.11017518390760302,0.001063673021394984,0.0011370500306375725,0.002366569276155346,0.005747142929177554,0.6243739565943238,0.002030970000192189,0.0026472613509107134,0.6861435726210351,0.0021461475716755152,0.0016877019548934304,0.5492487479131887
0.001,10,18,0.02667887398689798,0.0001937574063997638,0.00020844539911456432,0.00013557438170424982,0.00041494564453388455,0.664440734557596,0.00014682128315220667,0.00019116211861462863,0.674457429048414,0.00012472557969768795,0.00014794995413012487,0.7111853088480802
0.001,10,19,0.05412847838559924,0.00032465632822292756,0.0003483544908970633,0.000879873199001355,0.00215598546863635,0.6527545909849749,0.0005337165897986631,0.0005497593040046478,0.667779632721202,0.0005485130731391343,0.0007973133118436991,0.6327212020033389
0.001,10,21,0.05861694180088646,0.0004161238664154854,0.00044481189956994445,0.00041496610725290795,0.00147161118623055,0.5342237061769616,0.0005788512954435497,0.0007367067007783966,0.6928213689482471,0.0006378634766914097,0.0005385096281411583,0.6310517529215359
0.001,10,25,0.1270162832700708,0.0014435387169547398,0.0015548435534878777,0.0023407501208651434,0.004895855583670465,0.5742904841402338,0.0027914604990867966,0.002870626895635945,0.6961602671118531,0.0029821950777924894,0.0025666923249676593,0.5392320534223706
0.001,10,24,0.12204976274852612,0.006850359489388225,0.007351867408622454,0.0017966198986376833,0.004630796530795893,0.6293823038397329,0.0029112495235383068,0.0032833085990579066,0.679465776293823,0.002679949301253976,0.0016287773486451224,0.5025041736227045
0.001,10,26,0.04212094632834379,0.0007904166958048742,0.0008512874395988638,0.0004575382672116544,0.0019688935872861383,0.7178631051752922,0.0003281393714687905,0.00035565292473165906,0.656093489148581,0.0003216995850207818,0.00033715185750214996,0.662771285475793
0.001,10,29,0.09824617031866216,0.0026878426218737705,0.0028858793976843174,0.002494623208001087,0.00807147678226976,0.657762938230384,0.001724354835486261,0.0017468752540111376,0.67779632721202,0.001772919191059203,0.001231717110430713,0.5792988313856428
0.0001,100,20,0.015169874740166673,3.4891740177123154e-05,3.6917800476704174e-05,4.5729176223318465e-05,5.6260070742437766e-05,0.5342237061769616,4.7789714486045014e-05,4.853541024400658e-05,0.6828046744574291,4.299411755442145e-05,5.2490781767094034e-05,0.6944908180300501
0.001,10,10,0.02673216501655105,0.00013982443005416956,0.00015243787824706674,7.138349582950586e-05,0.00035393782423213775,0.5025041736227045,0.00013963042962367235,0.0001514691988233388,0.6894824707846411,0.00013704869073630327,0.00017402463326342358,0.679465776293823
0.001,10,27,0.07817094165472596,0.0009565889009540696,0.001026533202154612,0.0002455306914569424,0.0011965088540689464,0.4357262103505843,0.0011070467137341627,0.0015103322695562338,0.6978297161936561,0.0010904851648114665,0.0009228924274869777,0.5909849749582637
0.0001,100,33,0.022732209578968293,7.331586664621748e-05,7.744430501146529e-05,0.00010461926242992607,0.0001256618536165394,0.5225375626043406,0.00010302544057678625,0.0001046597923848663,0.672787979966611,9.743253218193076e-05,0.00013332851054449554,0.7045075125208681
0.0001,100,24,0.020794536467134535,0.0001280901934291867,0.0001355299419204145,8.209221226552864e-05,9.495886937607593e-05,0.5258764607679466,8.460377504599628e-05,0.00011129661256759586,0.7011686143572621,8.264028363645592e-05,9.95199456355289e-05,0.6944908180300501
0.001,10,28,0.06670683212487061,0.00042537073532383785,0.0004559641316920243,0.0006789778124563544,0.001859632124646558,0.6510851419031719,0.0007894233725977129,0.0008544008333999094,0.676126878130217,0.0007694076272733003,0.0006525170360687058,0.5709515859766278
0.001,10,31,0.09285023736143176,0.0015141667302774886,0.0016276735887646781,0.0011576762462290671,0.004254723857550988,0.6210350584307178,0.0015005827624785034,0.0020257521693356003,0.662771285475793,0.0015522419284631633,0.0011435963705542307,0.5258764607679466
0.001,10,32,0.06741175825210842,0.0003914650208691195,0.00041977617732102376,0.0007992092777385476,0.0019439007409506035,0.6527545909849749,0.0008318304342747042,0.000893859943094846,0.666110183639399,0.0008043571598017331,0.0007204032599895691,0.5826377295492488
0.001,10,20,0.045049157867862025,0.0003295458453321798,0.0003532614235705803,0.00015728752890962547,0.0005789139263120564,0.4323873121869783,0.000420216937260781,0.0006131332217684284,0.6978297161936561,0.00036943154557675796,0.00035856335616108435,0.6277128547579299
0.001,10,37,0.0772402966317913,0.0006793923067245355,0.0007288707141835185,0.0013643343155426604,0.002486917256350945,0.6527545909849749,0.001155036870224732,0.001812126412245047,0.6961602671118531,0.0010726477256665914,0.0007290118358236282,0.5642737896494157
0.001,10,36,0.08829728052070798,0.000658233727576063,0.0007050685546561657,0.0010102575518521823,0.0020761994832424312,0.5575959933222037,0.0013008372922676155,0.001475526774194683,0.669449081803005,0.0014290842224369232,0.0011153367640472883,0.6377295492487479
0.001,10,23,0.06482155648353902,0.0004186018750135245,0.0004489388037667537,0.00024666814196426144,0.0008363251665929621,0.27378964941569284,0.0007885197556453075,0.0009246069537376999,0.7161936560934892,0.0007560619796638075,0.0007649065958664861,0.6076794657762938
0.001,10,30,0.035376017571137355,0.0013200154464953484,0.0014341899006819656,0.0002447505160573777,0.0006695490380130989,0.6377295492487479,0.00024668883962439194,0.00027290844705478266,0.7061769616026711,0.00020726886578309814,0.00024304793152970107,0.659432387312187
0.001,10,34,0.0547219756225533,0.0006105924130709317,0.0006576557478802945,0.0006090696678825473,0.0012061543304200512,0.6911519198664441,0.0005560177466623913,0.0005979936147616721,0.6861435726210351,0.0005600361766756309,0.000612311564338165,0.6360601001669449
0.001,10,35,0.05184794805855632,0.0007076292662878125,0.0007608152220167973,0.0004177834397813347,0.0009855067804769946,0.6343906510851419,0.0005178132282046686,0.0007040783515833741,0.669449081803005,0.0004427466823847421,0.0003857738829689689,0.6243739565943238
0.001,10,33,0.05089196475169198,0.0002597870777765743,0.0002787579713978012,0.00034448843287568365,0.0012304336541422984,0.5826377295492488,0.0005032653283433477,0.0004725105977842081,0.7145242070116862,0.0004592976832324515,0.0005244592938345098,0.6460767946577629
0.001,10,38,0.06293667928625443,0.0008537920602053606,0.0009177920183807988,0.00036155158436537574,0.0010822301950259925,0.5742904841402338,0.0007142933732919073,0.0008566035766294903,0.664440734557596,0.0006999187679837254,0.0006559087082108287,0.6093489148580968
0.0001,100,30,0.025445629703729725,8.423043943900366e-05,8.902349610111484e-05,0.0001126117656782607,0.00013561311137291285,0.5308848080133556,0.00012429635286216283,0.00013372289610949105,0.6894824707846411,0.00012185900238919346,0.00013635349340521854,0.6844741235392321
0.001,10,39,0.04843609555677444,0.0003275499872931742,0.0003519896129199953,0.0002379696368644263,0.0006364569745494554,0.6360601001669449,0.00042103277193479907,0.0004921175878819606,0.654424040066778,0.0004162501237792091,0.00040746388277349764,0.6360601001669449
0.001,50,1,0.1007024255339495,0.0013172058755052118,0.001417107924358097,0.0019009497094596296,0.0021496450433090607,0.5626043405676127,0.0018529651450608843,0.0016602932332838484,0.7045075125208681,0.0019117683381699177,0.001348146607347205,0.5375626043405676
0.001,50,3,0.08601915732823864,0.0011416853415243122,0.0012285624735131823,0.001378099386899112,0.0018007240875917113,0.5258764607679466,0.0014754883699486098,0.0017863895323834305,0.67779632721202,0.0013404914106398698,0.0010364415185543565,0.6143572621035058
0.0001,100,35,0.026918452616387124,0.00017999923854444821,0.00019017215351038367,0.00013580462401656518,0.000142532049026368,0.5542570951585977,0.00013032055882765533,0.00014144616157551305,0.6444073455759599,0.000125201899781021,0.00013368672565239412,0.7195325542570952
0.0001,100,28,0.02449270491226705,0.00011219706993842449,0.00011859598216203032,0.00010886572035217824,0.00011186754967835844,0.5442404006677797,0.00011388763046152975,0.00013837029481126678,0.667779632721202,0.00010899958185989117,0.00013964160099536716,0.7212020033388982
0.001,50,4,0.06950835100239533,0.0004955851055701843,0.0005314947090034971,0.0009561562403502118,0.0011619897413743803,0.5759599332220368,0.0009129164523609571,0.001204201548878776,0.654424040066778,0.0009009359032289859,0.0006677652139941286,0.5976627712854758
0.001,50,0,0.08203941658875494,0.0008382647555194023,0.0008993349077789901,0.0012249815983887676,0.0017625487535329917,0.5659432387312187,0.0012695073380667374,0.0016051285848809743,0.6944908180300501,0.001189980840246631,0.001060857798143285,0.5475792988313857
0.0001,100,26,0.022156150023363817,4.765583776655813e-05,5.037650208435159e-05,9.514538077017318e-05,0.00013164128271730282,0.5342237061769616,9.971395296653716e-05,0.00011455307448788747,0.7028380634390651,9.017969025929714e-05,0.00011668417961564862,0.7212020033388982
0.0001,100,32,0.02132861372776664,4.758262950532721e-05,5.027053357682753e-05,8.489589584461833e-05,0.0001025674289102452,0.5409015025041736,9.161843849283804e-05,0.00012304837826153828,0.657762938230384,8.186906061939408e-05,0.00010998666804108256,0.7245409015025042
0.001,50,5,0.06472318750085858,0.0006980381991603668,0.000750314217168796,0.0006931121897798306,0.0009098404703183691,0.5676126878130217,0.0007585393960672906,0.0010299266153527354,0.672787979966611,0.0007320108230775116,0.000697837042903221,0.5976627712854758
0.0001,100,29,0.021682649884068973,5.6936179092803574e-05,6.0203891959121634e-05,9.507852059972938e-05,8.99671882708029e-05,0.5141903171953256,9.152624146305611e-05,0.00010177801841000877,0.6828046744574291,8.859543560061283e-05,9.829714614531088e-05,0.6811352253756261
0.001,50,2,0.07590505752854278,0.00202711106900455,0.0021781278093135556,0.0011582721133399317,0.0021275540013863496,0.5809682804674458,0.0010622960373325287,0.0011144426244830796,0.6861435726210351,0.0010182630555913017,0.000905486967342279,0.5893155258764607
0.001,50,8,0.06379190824917697,0.0007436798041282611,0.0008013349621855387,0.0006746982912202203,0.0009483418022450083,0.5726210350584308,0.0007968497031231587,0.0009392821436357754,0.6944908180300501,0.0007745762807509114,0.00068279119283724,0.6126878130217028
0.001,50,6,0.0694324963787907,0.0007708790546666622,0.0008288723297713365,0.0008870109777655185,0.0009798617222751644,0.5826377295492488,0.0008230300730697019,0.0008517545371292019,0.654424040066778,0.0008680309431494952,0.0008115707895699356,0.5542570951585977
0.001,50,13,0.06030553979281605,0.0007076475925519854,0.0007610782884003188,0.0006616859780174727,0.0012732572750876307,0.5409015025041736,0.0006996483033079061,0.0009781579035420644,0.674457429048414,0.000656787064413382,0.000590403477455597,0.6343906510851419
0.001,50,14,0.0794077649498291,0.000958303569983332,0.001032396072641296,0.0010564322357760737,0.0017424059448805152,0.5559265442404007,0.0011788063038492764,0.0013396035040752104,0.6911519198664441,0.001133862764824239,0.0009071497055127586,0.5809682804674458
0.001,50,7,0.0675653166697714,0.0007779533394012828,0.0008364726573929286,0.0008231493555022135,0.001114837603541034,0.5559265442404007,0.0008825760356388062,0.0011291796359906355,0.7111853088480802,0.0007868076380819467,0.0006538694865871777,0.6093489148580968
0.001,50,10,0.07889422883147407,0.0015820454688652008,0.0016996049282460134,0.0010418119520511047,0.0014905898676720387,0.5258764607679466,0.001090445891443569,0.0011959582441107605,0.6828046744574291,0.0010838710516183395,0.0008757533196118382,0.5726210350584308
0.001,50,11,0.07960384996294032,0.0006752683187594699,0.0007242440498257047,0.0011280285783420603,0.001544994125058969,0.5442404006677797,0.0011895189429566213,0.0015498909866872948,0.6944908180300501,0.001199595813009014,0.001139080458779943,0.5776293823038398
0.001,50,9,0.06444254216163327,0.000646331429678404,0.0006947180870012988,0.0008005982225349603,0.0011544325838755115,0.5409015025041736,0.0008241902435031052,0.0009515943625326355,0.6861435726210351,0.0007115196295122037,0.000665335702444082,0.5809682804674458
0.001,50,12,0.07334238242611858,0.0005743010010328953,0.0006175760777566873,0.0009408956742411559,0.0017262196081350282,0.5859766277128547,0.0010555823396139734,0.0012854778759241743,0.6427378964941569,0.0009737123164258949,0.0008117971460416404,0.5926544240400667
0.001,50,17,0.062401376785645224,0.0011623884978821941,0.0012524389866910963,0.000646436645676179,0.0010221166686529277,0.6126878130217028,0.0006811390351911806,0.0008516580890907863,0.659432387312187,0.0006505386318905542,0.0006148217604356433,0.5993322203672788
0.0001,100,31,0.01869413582401534,3.53624127117369e-05,3.7319075099854354e-05,7.474682431131343e-05,9.5026689903428e-05,0.5692821368948247,6.719170110525008e-05,7.252818707149234e-05,0.6911519198664441,6.630305724173684e-05,7.667529303735574e-05,0.7495826377295493
0.001,50,16,0.0943715179757044,0.0009856674766726692,0.0010570798186397318,0.001616234130759445,0.0016156763370272127,0.5676126878130217,0.0016609882739552456,0.001970504977273262,0.7045075125208681,0.00162638730933592,0.0013589500209364972,0.5292153589315526
0.001,50,18,0.06935282823006529,0.000670187586258697,0.000720221308055325,0.0008926478837364974,0.0015003373767420527,0.5676126878130217,0.0008906476085320913,0.0009022853423934247,0.674457429048414,0.0008671518481412442,0.0008263095654581698,0.6126878130217028
0.001,50,15,0.07649939292337313,0.0010300169677204818,0.0011052758588037497,0.0010409747228873965,0.0020076212230720454,0.5609348914858097,0.001167043341290162,0.0013956281689753904,0.672787979966611,0.0010195518307862862,0.0010854820973993829,0.5959933222036727
0.001,50,20,0.07022949769394193,0.0008221242713418175,0.0008838928423975357,0.0008904496919259091,0.0008437593439691104,0.5843071786310517,0.0008955551237384418,0.0009813914692569556,0.6510851419031719,0.0008621174562132729,0.000826778664032811,0.6260434056761269
0.001,50,21,0.07745971856736894,0.0020359392257676134,0.0021851355683885506,0.0011215455147196782,0.0014552997192035211,0.5926544240400667,0.0011404599761235523,0.0013720929000442734,0.7061769616026711,0.0010873981583573785,0.0009230345430768507,0.6076794657762938
0.001,50,19,0.08356086353347505,0.001131566985737742,0.001216968957362934,0.0013760051462525606,0.0036627408715282934,0.5709515859766278,0.0012585411258614473,0.0014702857924598623,0.66110183639399,0.001266069143470795,0.0010292108119034655,0.5909849749582637
0.0001,100,37,0.023045613604561862,8.662209127469067e-05,9.154977565801896e-05,9.420835635146097e-05,0.0001503481152589597,0.5375626043405676,9.69176412542226e-05,9.6769959781085e-05,0.6811352253756261,0.00010329898098998682,0.00010041426494854548,0.6894824707846411
0.001,50,27,0.08357885760836234,0.0010715117472251956,0.0011509538873120289,0.0011531921930420675,0.001507772862189037,0.5642737896494157,0.00125325003553132,0.001433473561226028,0.6527545909849749,0.0012653395898012602,0.0010007871214445917,0.5559265442404007
0.0001,100,34,0.019924277827381456,4.39190828225855e-05,4.641247627993742e-05,7.742926068815304e-05,0.00010241305071188932,0.5642737896494157,7.892248177635785e-05,8.220629570381683e-05,0.671118530884808,7.235226598860774e-05,8.700202343248054e-05,0.7061769616026711
0.0001,100,38,0.026302449908610394,0.00011659005268999101,0.00012317889078920154,0.00012574661247162866,0.00013744129122457427,0.5375626043405676,0.0001280941291160019,0.00016985895276912726,0.67779632721202,0.00011915008798208659,0.00015559507991794207,0.672787979966611
0.001,50,26,0.0645388680865404,0.0005603986765089219,0.0006027332737383209,0.0007152908111616324,0.0008842848954747225,0.5626043405676127,0.0007762143009214206,0.001069704742299216,0.7028380634390651,0.0007026044220924357,0.0006760966305804974,0.5692821368948247
0.001,50,24,0.07720633666577578,0.0009532931783914345,0.0010253335048379336,0.0010219785080421981,0.0013301450277474727,0.5492487479131887,0.0011049923497305765,0.0014568326689713583,0.657762938230384,0.001046210707286516,0.0009483265567216708,0.5676126878130217
0.0001,100,36,0.020993888311634148,5.9069268334766e-05,6.24112571211864e-05,8.331240516531385e-05,0.00010422573456563416,0.5275459098497496,8.277685508414984e-05,8.667919088084812e-05,0.674457429048414,7.969721347150473e-05,9.887504169608027e-05,0.7145242070116862
0.001,50,33,0.06610431267231413,0.0006065921523485951,0.0006516381426295842,0.000756799608066265,0.0011101428854184883,0.5709515859766278,0.00085552337949655,0.0009442653868364493,0.6961602671118531,0.0008123532163974359,0.0007510620898538623,0.5742904841402338
0.001,50,23,0.06440258904539774,0.0007638028086814352,0.0008217822147988763,0.0008556117996277019,0.0014763359949096408,0.5141903171953256,0.0008095048667653505,0.0010147845429351065,0.659432387312187,0.0007486984310794993,0.0005990486809099824,0.5776293823038398
0.001,50,22,0.06115214838334167,0.0004474918682048079,0.0004806809498716869,0.0006823416011323168,0.0012240581717557072,0.5642737896494157,0.0007240459206451575,0.0008575668466626278,0.669449081803005,0.0006983818452943554,0.0007123421224102368,0.6327212020033389
0.001,50,31,0.09401508000595622,0.0012699835640616053,0.0013628641093602267,0.0016106560229025232,0.001946640023684528,0.6176961602671118,0.0016789082026512946,0.002357966163720556,0.6811352253756261,0.001602350889984911,0.0010813652122309586,0.5726210350584308
0.001,50,28,0.09466997566994832,0.0033776705472695068,0.0036384212329403634,0.001768019381147637,0.002550382598405754,0.5492487479131887,0.0017769868823764596,0.0020376981001367887,0.6828046744574291,0.0015966018010061347,0.0013644297833887114,0.5358931552587646
0.001,50,30,0.0649943164601589,0.0007870336985045245,0.0008473571007155605,0.0006808815271055465,0.0014036455493692773,0.5008347245409015,0.0008304114009500962,0.0009658652558783363,0.7011686143572621,0.0007620163420365805,0.0007703902817055271,0.6393989983305509
0.001,50,25,0.07721644790166692,0.0007412396556027989,0.0007952643041041824,0.0009995743515471233,0.0011182242018466329,0.6160267111853088,0.0011042165857974393,0.0012841568453307237,0.671118530884808,0.0011031306213854692,0.0009129324103356822,0.5709515859766278
0.001,50,29,0.07632109515268146,0.0010448675721816403,0.0011215391497478616,0.001081638431448769,0.001682629889391191,0.5592654424040067,0.0011627473547124031,0.0013801213090188814,0.6811352253756261,0.0010083024349949272,0.0008530028505733167,0.5809682804674458
0.001,50,32,0.07776677326646038,0.002285297554122878,0.0024556017366049953,0.0011739147254552203,0.0013487689726999963,0.5759599332220368,0.0011120273569227377,0.0013038584139312974,0.676126878130217,0.0011300772461969473,0.0010176420561760532,0.5859766277128547
0.001,50,34,0.08992188237490246,0.0013979967449985198,0.0015047853743770524,0.0013656382153175235,0.002209432768395061,0.5676126878130217,0.0014615237326147292,0.001760387493089996,0.662771285475793,0.001413889742046408,0.0009711953244738915,0.5525876460767947
0.001,50,38,0.08100984550728345,0.0008162530929314293,0.0008762058730889396,0.00113974432865081,0.0018976961417524623,0.5191986644407346,0.0012925054481977916,0.001862896527468293,0.6878130217028381,0.0011514118381223467,0.0009102239143895482,0.5876460767946577
0.001,50,35,0.07688657674586385,0.0010906589946586553,0.0011726059344531168,0.001019847895332826,0.00134970165332933,0.5792988313856428,0.0011246977327129906,0.001442213986172695,0.6928213689482471,0.0010365957782836044,0.0010331434402451637,0.5876460767946577
0.001,50,37,0.10157550356811396,0.0014868273942210686,0.0015976039814493577,0.0017138834010951155,0.0021707873084852946,0.5208681135225376,0.0019024273034348536,0.0024975763336493955,0.6911519198664441,0.0018511917735097498,0.0014195885376717577,0.5692821368948247
0.0001,100,39,0.019386566963777597,4.9068958330067414e-05,5.189630656974882e-05,7.04742200853258e-05,7.052196320005391e-05,0.5141903171953256,7.334078767947809e-05,8.76650231879534e-05,0.669449081803005,7.541564173732929e-05,0.00010077684397633162,0.7078464106844741
0.001,50,36,0.07233162163241272,0.0008903197095287974,0.0009581022424427238,0.0008222025562376643,0.0016462283293406407,0.5175292153589316,0.0010091168060860469,0.0011034498990605227,0.676126878130217,0.0009444268284601387,0.0008121020149122093,0.5943238731218697
0.001,100,2,0.0861428699708633,0.0016186934758584126,0.0017399017696636825,0.001334861553329683,0.001170167701244752,0.4941569282136895,0.0014864436018597862,0.0015992584111608893,0.669449081803005,0.0013633410657933544,0.0009660724630231126,0.5926544240400667
0.001,100,5,0.07143412100633646,0.0012884061987067374,0.0013840838658563575,0.0009115311759440971,0.0007051732427631361,0.48414023372287146,0.0009744210608933809,0.0011772045211276318,0.669449081803005,0.0009152606021794411,0.0007491252494178391,0.5642737896494157
0.001,50,39,0.047919822433599144,0.0003875051934411067,0.000416838108714868,0.00037161036382190395,0.0004920634368769238,0.5893155258764607,0.00043840695449456527,0.0004147727559722298,0.6494156928213689,0.00042216706797347736,0.00042235356613287646,0.6076794657762938
0.001,100,4,0.08080504823645912,0.0008442855032225194,0.0009049342708808651,0.0011405269922026326,0.0007220235407638671,0.5158597662771286,0.0011575225210796113,0.0013704426468711672,0.7078464106844741,0.001158659942845038,0.0010681750416435545,0.5659432387312187
0.001,100,8,0.0715433945650596,0.0007612632974142164,0.0008176498570086244,0.0008465116259641017,0.000854808036365087,0.4741235392320534,0.000977329739230664,0.0009366426787389883,0.6527545909849749,0.0009127376657117028,0.0009041169864754774,0.6343906510851419
0.001,100,1,0.07727673584703361,0.0012884917535651574,0.001385952738965222,0.0011027443990305667,0.0011467761191135883,0.48580968280467446,0.0011780028459598309,0.001742312670695516,0.7178631051752922,0.0010927400267868044,0.0008623926479874647,0.6110183639398998
0.001,100,7,0.0696763931574686,0.0015075195993380919,0.0016202146260483707,0.000862350515872273,0.0007281371739900833,0.46410684474123537,0.0008736468370156152,0.0009326699705163232,0.6844741235392321,0.0008945174306709087,0.0007039127790639921,0.5659432387312187
0.001,100,0,0.07179038474406227,0.0015861385071155865,0.001702544884152895,0.0009733862306363166,0.0010984432418974133,0.5158597662771286,0.000978767605782044,0.001171867361708898,0.664440734557596,0.0008666183567464314,0.0007564742644508356,0.6126878130217028
0.001,100,11,0.07306088345411794,0.0008015464041812859,0.0008604529591408763,0.0010051473553550102,0.0010065674389788787,0.4958263772954925,0.0010268123155867319,0.0012261846594554112,0.6410684474123539,0.0009919907340622167,0.0009119331641436596,0.5826377295492488
0.001,100,6,0.07944656881299748,0.0009646319654630919,0.001036613872729949,0.00134924908386529,0.0023979730348404104,0.5041736227045075,0.0012528166278056266,0.0017249568847744225,0.674457429048414,0.0011599031345302614,0.0009666806966279225,0.5859766277128547
0.001,100,3,0.06891313025701994,0.0007381939849905317,0.0007934386132040679,0.0008977871070868217,0.0009635683990489043,0.4774624373956594,0.0008635196106668056,0.0010133187636105112,0.6811352253756261,0.0008559161699845464,0.0008900961783819606,0.6076794657762938
0.001,100,13,0.06813865040317442,0.0006828622172178611,0.0007334623753414708,0.0008436070432105052,0.0007334113720334002,0.5008347245409015,0.0008648392228176306,0.0009400070185108213,0.6861435726210351,0.0008134497931799983,0.0006808779734589159,0.5893155258764607
0.001,100,10,0.07314818014565701,0.0007588178604576723,0.000815747945567608,0.0009780835211050346,0.0009493343949886613,0.5375626043405676,0.0009748049117740638,0.0011244104630488859,0.6928213689482471,0.0009929476550236834,0.000720116888607877,0.6193656093489148
0.001,100,14,0.08122296730420238,0.0010595914658977357,0.001137038544171016,0.0011129679176790587,0.0011229831441831317,0.5041736227045075,0.0012889575577960028,0.001554476417599422,0.7145242070116862,0.0012074107014408717,0.0010015491062157445,0.6126878130217028
0.001,100,9,0.07141663793650224,0.0008088606168450974,0.0008695716326741005,0.0009603437878044298,0.0007531586181445561,0.5175292153589316,0.0008985794742518403,0.0009325899998883944,0.666110183639399,0.0009698998547099572,0.0009563826291419387,0.5692821368948247
0.001,100,23,0.07348316136034484,0.0008477698284162227,0.0009103665549171,0.0009580694947246118,0.0009200626151461855,0.49248747913188645,0.0010826866446086764,0.0014534260195307393,0.7161936560934892,0.0009453774778308225,0.0008523899113120552,0.5709515859766278
0.001,100,19,0.07499511486233597,0.0010968669737654313,0.0011783456763285987,0.0010264965373115947,0.0010154537880262909,0.5358931552587646,0.001024944345837588,0.0012131443258648965,0.6928213689482471,0.0009859767083832173,0.0008810994240037386,0.5959933222036727
0.001,100,17,0.07694373570321314,0.002374234388801466,0.0025520464977486683,0.0010966807608948784,0.0009019957688909998,0.5158597662771286,0.0010470459471223375,0.0011956594988416984,0.659432387312187,0.0010263678124006522,0.0009154974408102859,0.5976627712854758
0.001,100,18,0.061287487934333945,0.0006010294817394013,0.0006456184100662953,0.0007069330154854939,0.0006036073522753968,0.4674457429048414,0.00069911591564144,0.0009266948719917241,0.6510851419031719,0.0006253429689699067,0.0006023256222958096,0.6126878130217028
0.001,100,24,0.07592642316886078,0.0009724579641450792,0.001044904722086296,0.001000448881892253,0.0010706002888133804,0.48914858096828046,0.0010922543276531828,0.0013813560658959253,0.6393989983305509,0.001054617219249748,0.0008333635406819337,0.5976627712854758
0.001,100,12,0.06624475787731288,0.0004615497160977977,0.0004957406869682045,0.0008433799249181472,0.0009351696664607065,0.5492487479131887,0.0008005739517482672,0.0008184273092901987,0.6828046744574291,0.0007840014529573401,0.0006781467674121428,0.6327212020033389
0.001,100,15,0.07547593674488379,0.0011017748634641333,0.0011843156677329486,0.001037775230528406,0.0009644194256971147,0.5358931552587646,0.0011748630868550322,0.0013936323654422217,0.676126878130217,0.0009944055965638526,0.0009529178923711426,0.5943238731218697
0.01,10,0,0.209852808742173,0.004744249335902617,0.005234293322873988,0.005979659493614411,0.007979827147700357,0.679465776293823,0.007015693701120113,0.006340749468163721,0.7245409015025042,0.008042661988446102,0.003481851901600214,0.5342237061769616
0.01,10,2,0.22616506508618514,0.00660171189365194,0.007285621696429294,0.005838994713882527,0.008525443615206522,0.6277128547579299,0.007457256623134756,0.005191213413861468,0.6377295492487479,0.008777794041250809,0.003196627188908138,0.4323873121869783
0.001,100,16,0.07314889582835363,0.0015956206112139881,0.0017122777047355105,0.0010270462104926576,0.0010342327343984875,0.5091819699499165,0.0010035359593162515,0.0014156650501478056,0.6961602671118531,0.0009956266865011423,0.0009904904711430756,0.5575959933222037
0.01,10,1,0.293173448240056,0.018168144872427794,0.020027147779313182,0.006682122913205961,0.0078614543104714,0.43906510851419034,0.008727059971097026,0.0030932744996923223,0.4040066777963272,0.009626820033847688,0.0009243016873010119,0.12687813021702837
0.001,100,21,0.07437948594006888,0.0009257929433562073,0.000993817112692556,0.0010107887209909973,0.0014261993849908421,0.5125208681135225,0.0010176222344786719,0.0011947542312498967,0.671118530884808,0.000989435721046536,0.0007753581074658235,0.5726210350584308
0.01,10,4,0.2775718379031339,0.010677653860626357,0.011801815564544932,0.00633059930279353,0.007921856067776909,0.4958263772954925,0.008498750146129894,0.0037363534713338335,0.44407345575959933,0.009617275124763881,0.001328259233647034,0.19532554257095158
0.01,10,3,0.21980210982444862,0.003423382422877763,0.0037850297250256997,0.005512355575529479,0.008243711042115265,0.6093489148580968,0.007032733381137,0.006099872913022811,0.67779632721202,0.00860967542111555,0.0029457319173205026,0.5258764607679466
0.01,10,5,0.2705137496000786,0.011289256645402312,0.012523753403253431,0.006737602312175406,0.007862974526515888,0.5041736227045075,0.008394900525252266,0.003972175289691886,0.4757929883138564,0.00947261839430894,0.0018934672100883142,0.21869782971619364
0.01,10,6,0.21640654149478325,0.006341793419371411,0.007022739263218025,0.0032298319042453785,0.009484550721372149,0.48914858096828046,0.007660910166952659,0.005385649961769772,0.7045075125208681,0.008366842180054509,0.0030233541007325558,0.48747913188647746
0.001,100,27,0.07294868976871481,0.0018829550778876047,0.0020265291152367568,0.0009268988991028988,0.0008693509031127992,0.4774624373956594,0.0009398671413535191,0.000894242625123383,0.664440734557596,0.0009445772430456954,0.0008132383091542801,0.6043405676126878
0.01,10,9,0.22651112297721068,0.02293828125581593,0.025491256970199785,0.0065758284893919685,0.007160085878165384,0.6277128547579299,0.007408345630284132,0.005343957735395558,0.5926544240400667,0.008823994405300762,0.002956126184560221,0.41569282136894825
0.01,10,8,0.3160720472695777,0.016251800881240674,0.017997837826249908,0.004763989733522942,0.00898676146358369,0.4323873121869783,0.008746743303720156,0.00418168160884626,0.3989983305509182,0.009617585355898477,0.0009446786708466066,0.16193656093489148
0.01,10,13,0.28807503686561875,0.012943852504806508,0.014234849988965041,0.004572130481770438,0.009351569305772333,0.4257095158597663,0.008610293699183258,0.003841206912971953,0.44574290484140233,0.009681292801013208,0.0012272435074405265,0.14524207011686144
0.01,10,10,0.19197596593338478,0.006634764500647816,0.007279678370868707,0.004812438246097501,0.008354547899219123,0.669449081803005,0.006349654372447305,0.005543996506971759,0.7712854757929883,0.007055648450788726,0.004256449561920851,0.5575959933222037
0.01,10,14,0.23889117481523633,0.009556277158009274,0.010524683608770983,0.006194914209903034,0.007645446688880068,0.6243739565943238,0.007567299662826709,0.0053743459241614765,0.5843071786310517,0.009011231492943682,0.0028614923365451912,0.35225375626043404
0.01,10,7,0.154762679169614,0.007336387547095591,0.008115478796651254,0.00345377320298071,0.007253000931325195,0.5141903171953256,0.00449186069315235,0.005530616718388689,0.679465776293823,0.004546906911640714,0.0028957575510093806,0.5175292153589316
0.01,10,12,0.2936994869311886,0.016522262222760375,0.01825671411784334,0.006199859332722133,0.008039502637077818,0.44574290484140233,0.00866921721622752,0.003435609810161202,0.4240400667779633,0.009591794627360433,0.0017920203636929578,0.14357262103505844
0.01,10,11,0.34420594508166064,0.022380840904687616,0.024772019809722084,0.0014500141484022281,0.008183099415220184,0.1352253756260434,0.00910324804615055,0.002895397036156923,0.335559265442404,0.009781289811006543,0.000911435259285354,0.12687813021702837
0.01,10,17,0.277930555687005,0.009621761557244146,0.010601375410826647,0.006471295406704004,0.006575111599447783,0.48247078464106846,0.00869660435531996,0.0041162375834963285,0.4674457429048414,0.009623890872956965,0.0007605395595193677,0.18530884808013356
0.01,10,15,0.14160074623555674,0.0044849704875730145,0.004935511477024688,0.0035574285350019152,0.00860693384230759,0.6293823038397329,0.003681398266212269,0.004563686166861914,0.7212020033388982,0.0036221787590433167,0.0024494859406276426,0.5392320534223706
0.01,10,19,0.2064252848288508,0.008977778691158178,0.009924472588854124,0.005164529932063972,0.008664650643062946,0.6126878130217028,0.007135549434397903,0.005596871233734206,0.7545909849749582,0.007786295765036568,0.004368001503431814,0.5592654424040067
0.01,10,16,0.2173683647192961,0.007742177140843631,0.008536605992282143,0.005833999792338663,0.00783900071259477,0.5642737896494157,0.007472141993971387,0.005229210851294081,0.6878130217028381,0.00857739902724634,0.003214768428526093,0.4958263772954925
0.01,10,18,0.2770228968816096,0.007643046862731762,0.008348063225797751,0.006057307675401265,0.007793280974247908,0.48414023372287146,0.008472372258950358,0.0035530142014486713,0.48747913188647746,0.009503072971181593,0.0022734586310251045,0.20534223706176963
0.01,10,23,0.25485150793200917,0.015252377432897202,0.01685912151244825,0.006583457706569568,0.007101349667357339,0.5809682804674458,0.00822602881865124,0.0044526369833082806,0.5425709515859767,0.009487541986903323,0.0016680813623945571,0.2621035058430718
0.01,10,20,0.23916447384733294,0.01356038012238614,0.014909397882779288,0.005197309752523811,0.008988029677675285,0.5342237061769616,0.008001183104570429,0.005198244579369009,0.5492487479131887,0.009088374598802344,0.0027015554801818253,0.335559265442404
0.01,10,25,0.29630706465928885,0.013398759501071056,0.014921481937344175,0.006137259646436323,0.008772281058405017,0.4273789649415693,0.008828925870088532,0.0040845464902247225,0.38898163606010017,0.009568958437361315,0.0014633086237188075,0.17028380634390652
0.001,100,22,0.0815764275460181,0.0014481613932415538,0.0015542861761775391,0.0012017427775692007,0.001220207761821345,0.4691151919866444,0.0012520574701108472,0.001544724684586711,0.6878130217028381,0.0012004220692387983,0.0010071919889040942,0.5859766277128547
0.01,10,21,0.1415421309457743,0.0041769711955579325,0.004630596211603362,0.0033743229105423823,0.008283066302276246,0.67779632721202,0.0037700887270152744,0.004618254076424002,0.7362270450751253,0.0035862308441683703,0.0028055476666757136,0.5208681135225376
0.01,10,22,0.21564256324757808,0.006108530805221057,0.00672722218138974,0.003665551010014797,0.008782985110604866,0.5325542570951586,0.007012348334586967,0.005462526194207073,0.659432387312187,0.008414117005210334,0.003800200668470295,0.5141903171953256
0.01,10,28,0.17942094261944783,0.005404869454120165,0.005963175112416256,0.0028004816710855865,0.008130270851389962,0.5659432387312187,0.005646881873013279,0.006010297323000522,0.7646076794657763,0.006104800695206364,0.0036346627420641457,0.48580968280467446
0.01,10,24,0.19059874403766008,0.005872302527271667,0.00643774218735442,0.004368295603136252,0.007557320756249616,0.7061769616026711,0.006347979598797603,0.006335039017639129,0.7813021702838063,0.0068183093048263844,0.004014337296010963,0.5893155258764607
0.01,10,30,0.18324879730933602,0.006243704323850241,0.006899751447026064,0.0032175647001297866,0.008044094092517872,0.5976627712854758,0.005764165083858932,0.0061578242157692515,0.7729549248747913,0.006377023081624615,0.004137248766521024,0.5358931552587646
0.01,10,27,0.28851483426145286,0.025392191223576444,0.02803591081956366,0.006488406056273308,0.007923505951974026,0.4707846410684474,0.008873332821455119,0.0036394182874333793,0.44741235392320533,0.00957641231020974,0.0012409723386039486,0.18030050083472454
0.01,10,26,0.25281383363547233,0.007689154287371325,0.008460334341481548,0.00515290606527459,0.009564990561283383,0.4974958263772955,0.008214628354702653,0.004635526382344047,0.5191986644407346,0.009250538573220583,0.0020426596765695908,0.28046744574290483
0.01,10,31,0.2549853056190109,0.012872570978185005,0.014170165301835987,0.005554884572123602,0.008542365786866225,0.5559265442404007,0.008487168830986394,0.00395495105229543,0.5258764607679466,0.009351731012980105,0.0020024978099790307,0.25208681135225375
0.01,10,29,0.23365959922060436,0.008312276160340082,0.009059130655087925,0.005868561476975506,0.00856167498914427,0.5125208681135225,0.007822873325756801,0.004941623487690404,0.6143572621035058,0.008975520855287921,0.002734798136315629,0.3722871452420701
0.01,10,33,0.2391189822707107,0.005441992648159311,0.006010604491468053,0.006455193351447573,0.007101133010553777,0.6160267111853088,0.00791189219150501,0.004338639611088733,0.6076794657762938,0.009157572310262384,0.0023855830692415068,0.32053422370617696
0.01,10,34,0.23754871153755558,0.01916604802091665,0.0212532856113978,0.00643473627690996,0.009093667664027126,0.5943238731218697,0.007465226999054936,0.0051782873211161685,0.5742904841402338,0.00899913274197461,0.00268358298518377,0.333889816360601
0.01,10,32,0.30042876390645823,0.021674652744607392,0.024017730901288142,0.007052244811794283,0.005917154567921841,0.4941569282136895,0.008676255487955383,0.0033924644777122157,0.39398998330550916,0.009655615820190765,0.0015378021211106402,0.1669449081803005
0.001,100,20,0.058410021467656115,0.0006030965247171838,0.0006488779839218538,0.0006402754364280471,0.000647312833175097,0.5175292153589316,0.0006438000524659894,0.0007111736774915417,0.674457429048414,0.0005990587000664977,0.0005657546573751674,0.5859766277128547
0.01,10,36,0.14406658338082165,0.007468124745103555,0.008348179583216517,0.003717178116718453,0.008400494726211108,0.6410684474123539,0.003682037097637519,0.004462078246197933,0.6961602671118531,0.0038904467549107377,0.002824734971037081,0.5392320534223706
0.01,10,35,0.21721797115525843,0.005305944874537005,0.005840253336169692,0.006256145721729598,0.00790487425389047,0.6293823038397329,0.007466810633212238,0.005178437245208428,0.6911519198664441,0.008455769688268543,0.0033926943865455065,0.4540901502504174
0.01,10,39,0.1851107564150728,0.005957272987488493,0.006587871723038583,0.005490927772583188,0.007544365692892026,0.7128547579298832,0.005846416603564972,0.005747126738885658,0.7679465776293823,0.0063271303044704335,0.0036099873307871705,0.5325542570951586
0.01,10,37,0.13215602600206036,0.008497263273659239,0.00950377404309924,0.00273994570531041,0.00667497720133872,0.6360601001669449,0.003044577519944041,0.004025514318191391,0.7161936560934892,0.0031454445557966963,0.0019530449690682932,0.5191986644407346
0.01,10,38,0.10785801853634278,0.0039045447222827434,0.00431377834873602,0.0013657572409907935,0.0033807265648153357,0.6093489148580968,0.0024180958546768804,0.0030001234380282386,0.6828046744574291,0.0020515221919574825,0.0019143609462504165,0.5275459098497496
0.001,100,26,0.08930580665578516,0.0030660177466484417,0.0032918984644138417,0.001419544915651337,0.0011095802496852696,0.49248747913188645,0.0013647303309169433,0.0017694011596393131,0.676126878130217,0.0014129917300492907,0.0011691110423738427,0.5909849749582637
0.001,100,25,0.06921933355117567,0.000711903291589655,0.0007654475209423506,0.0007960221858158967,0.0008894417381829113,0.4691151919866444,0.0008383370700779426,0.0009573824126260658,0.671118530884808,0.0008260893118577465,0.000781916341302019,0.6176961602671118
0.001,100,28,0.0692778569711234,0.0010499970045950158,0.0011276246839336357,0.0008545988888486126,0.0009236917938090896,0.5375626043405676,0.0009354113926871313,0.0012947283709221751,0.657762938230384,0.000910131236782527,0.000854864553461114,0.5559265442404007
0.01,50,2,0.23978655808997867,0.01254556507861021,0.013899537137022359,0.008337688298973162,0.004672336168982174,0.4056761268781302,0.007918558120704324,0.0048341008682733985,0.5542570951585977,0.009173553536417202,0.0022494077107062015,0.29549248747913187
0.001,100,38,0.06630328964722358,0.0008191355909979992,0.0008802047099274728,0.0008182501063521619,0.0008252016468596262,0.48580968280467446,0.0008503351756662937,0.00115113737121664,0.6811352253756261,0.0007706310474752792,0.0006642880013712633,0.6093489148580968
0.01,50,5,0.20649220430841275,0.01476586352865572,0.016397934065098735,0.0074291272161653805,0.005487437457166778,0.5742904841402338,0.006784544077236789,0.005741932234199449,0.7462437395659433,0.008006431732956244,0.0034898328192689817,0.5659432387312187
0.01,50,1,0.22574543051807805,0.015174350323202523,0.01684832314709569,0.008173696333681875,0.005143535325138681,0.46243739565943237,0.007497464202304833,0.0057655862814544765,0.6293823038397329,0.008700458654340378,0.003170105083399057,0.41903171953255425
0.001,100,29,0.06534082240377609,0.0007287298860599312,0.0007828175877458395,0.000806064783399943,0.000993125839411404,0.5091819699499165,0.0007936538735984064,0.0009463972657658588,0.6527545909849749,0.0007558741584486005,0.0006519666127549058,0.5859766277128547
0.01,50,0,0.25588268449555296,0.010303578350635223,0.011348814902178175,0.007723391712461475,0.005000911409952316,0.3055091819699499,0.008236712690029168,0.004529245994652875,0.5459098497495827,0.009417748135333304,0.0019604010485218346,0.2303839732888147
0.01,50,7,0.19388758958697822,0.007777818900326805,0.00862602668193226,0.0070937480169452425,0.004924132818933781,0.6410684474123539,0.006597345581019304,0.005785408513146536,0.7662771285475793,0.00703716963225431,0.004224390638764532,0.5742904841402338
0.01,50,3,0.2505255124291694,0.013124959054734098,0.01445872126909612,0.008142021490731847,0.006586233636572129,0.31385642737896496,0.008096832401734744,0.00567269654225965,0.5308848080133556,0.009423888732515522,0.0017367795805421134,0.2704507512520868
0.01,50,4,0.20782046251902517,0.01141376576717773,0.012648557460249538,0.007554283059950199,0.005105340846043068,0.5642737896494157,0.006714740871381855,0.006171092044018001,0.7212020033388982,0.008079552299795144,0.0034736496732051016,0.5943238731218697
0.01,50,6,0.2233891568794175,0.008336531217778442,0.009190123021880887,0.007802616515503712,0.005607973889538416,0.44741235392320533,0.00786483023471003,0.004726965338860047,0.6110183639398998,0.008599201446295173,0.00314028911379321,0.4307178631051753
0.01,50,13,0.21739883419871187,0.007453807597665674,0.008248226338392048,0.007770083306682288,0.005028171028113448,0.5208681135225376,0.007555437846197555,0.00571753361020016,0.6994991652754591,0.008418853877962639,0.0029432768363925723,0.5141903171953256
0.01,50,8,0.22204135928550708,0.008585970119123598,0.009473673418314206,0.008041938584018969,0.005345044072356294,0.48580968280467446,0.007340893802914804,0.005787799942897801,0.6377295492487479,0.008591992668946818,0.003432387269560971,0.4741235392320534
0.001,100,39,0.06854647281539915,0.0005644173775644079,0.0006054223879271034,0.0008498219865653883,0.0007954865305935473,0.4674457429048414,0.0009137413123884569,0.0011356732920446387,0.7045075125208681,0.000832192580177006,0.0006893121717837858,0.5459098497495827
0.01,50,14,0.21729037976500348,0.015306443683441473,0.01692363145866452,0.007765160039513506,0.005121425835777657,0.5375626043405676,0.007194695937405761,0.0052459212615141495,0.67779632721202,0.008525474275263262,0.0029660612238490737,0.4774624373956594
0.01,50,15,0.23169696276105248,0.0067740677624881784,0.0074720041588500225,0.008277341531708907,0.005106443602166579,0.41903171953255425,0.007925011964126727,0.00454389828046146,0.5959933222036727,0.009012051894486723,0.0027341969862667076,0.34891485809682804
0.01,50,11,0.2436617508302666,0.011893434559989091,0.01316917170123736,0.008495868261967616,0.004100572810084717,0.4056761268781302,0.008097851812614196,0.004648527341022807,0.5425709515859767,0.00915536173691126,0.0029663295230592975,0.32220367278797996
0.01,50,9,0.22654174785857661,0.011128010512359954,0.012368006648391688,0.007422228684213252,0.0070957943917467885,0.48580968280467446,0.007871040712019306,0.005352157074591681,0.657762938230384,0.008645457518833534,0.003331758265281228,0.4307178631051753
0.01,50,10,0.2571724214981355,0.009432542498454322,0.01042843235269035,0.007954578673821263,0.0038409349939505693,0.335559265442404,0.008603941574190905,0.0037315974441172245,0.5025041736227045,0.009335233079748293,0.0019068105380479119,0.2387312186978297
0.01,50,12,0.22341684446934207,0.009152448591951579,0.010100551975516778,0.008105715328258106,0.004627891488185562,0.46410684474123537,0.00758177465173157,0.005172287100627303,0.664440734557596,0.00865209166317603,0.003268773177158582,0.43906510851419034
0.001,100,30,0.06320781959632817,0.0006485213027845327,0.0006960097949489322,0.0006835549286922065,0.0005751582308993683,0.5108514190317195,0.0006999883350670945,0.0010453620582745525,0.6477462437395659,0.0006933355307772877,0.0006590064646619471,0.5893155258764607
0.001,100,31,0.07304318703936499,0.0011039297551405092,0.0011858764374560748,0.00101703907164508,0.0009514037830359129,0.4991652754590985,0.001062891118752255,0.001135763082496982,0.6878130217028381,0.000986847732371894,0.0008583359450783102,0.5943238731218697
0.001,100,32,0.07204447538680155,0.0006895271119149449,0.0007405117366783425,0.0010180565127724003,0.0009536877711804299,0.5409015025041736,0.0009332912317180309,0.0014029164756245319,0.7095158597662772,0.0009390686358838738,0.0009817467898564215,0.6176961602671118
0.001,100,36,0.08887385444979218,0.0014758270244533689,0.0015836426764875779,0.0015043406497637665,0.001419181865466703,0.4657762938230384,0.0013593646754495356,0.0013292751082085415,0.672787979966611,0.0013700258659937545,0.0010640990115991446,0.5659432387312187
0.01,50,19,0.18690071169206118,0.005133497040597956,0.0056711159348106725,0.006375215606243824,0.005685376953037062,0.5976627712854758,0.006255122711125308,0.005856495277147647,0.7729549248747913,0.0065189175980036596,0.003968090100404313,0.5358931552587646
0.01,50,23,0.21035973700015137,0.008310906279717367,0.009187689522063223,0.0074691243525831525,0.0055842655107144895,0.5425709515859767,0.007037343879867597,0.0058695368645259064,0.6978297161936561,0.008136958407322878,0.0035518990867966626,0.5809682804674458
0.01,50,17,0.2116774752916591,0.008659106208002643,0.009539668968752635,0.00738241737958803,0.006374024738038244,0.5559265442404007,0.007345002763496607,0.005288804325171436,0.6811352253756261,0.008227784843352176,0.0034991837559091906,0.5342237061769616
0.001,100,34,0.0684462198558512,0.0009182710859900745,0.0009864060079220755,0.0008050447377546009,0.0006779107268749759,0.5325542570951586,0.000846251949260418,0.0010228593308103653,0.6494156928213689,0.0008861556430180747,0.0008260995229051431,0.5893155258764607
0.01,50,26,0.23303437002065813,0.009257349661559056,0.010216359358459808,0.007898002054062386,0.004532813470495183,0.41569282136894825,0.0078064129475657355,0.004577276631902614,0.6110183639398998,0.00895318096964938,0.002798360620996542,0.3823038397328882
0.001,100,37,0.07108506618187176,0.0009218218332442962,0.00098947774287959,0.0009350918326388135,0.0007649432632519795,0.5325542570951586,0.0009040531308359234,0.0012736214304370952,0.7178631051752922,0.0009112414110354676,0.0008308346781230287,0.6143572621035058
0.001,100,35,0.06520473337076658,0.0009377829322918529,0.0010071238046028888,0.0007851198684078012,0.000623212173305586,0.43906510851419034,0.0007540361433252519,0.000872806425405717,0.666110183639399,0.0007998216236743692,0.0008213914787596171,0.6343906510851419
0.01,50,27,0.20082183113170685,0.008550363433118102,0.009420131187919041,0.006613484801100087,0.0058758529804566195,0.5792988313856428,0.0068466570202098875,0.0062648686673784145,0.7462437395659433,0.007523862679274061,0.0038812569420236687,0.6176961602671118
0.01,50,16,0.22805481003898534,0.008204668599131104,0.009088379766297625,0.007840209619031127,0.005006491554142125,0.46410684474123537,0.007603308984581943,0.005201072833968017,0.6143572621035058,0.008936623403385547,0.002759795723122259,0.42070116861435725
0.01,50,28,0.24540336952024383,0.00785467474708934,0.008670521434198025,0.008280609954328992,0.005889118206761993,0.3555926544240401,0.008069109726430351,0.0046770905401042175,0.5258764607679466,0.009239478826957487,0.0020807793014975488,0.31385642737896496
0.01,50,18,0.20261685843959207,0.009820310954330669,0.010873679611005022,0.0073998816216148035,0.005176441920239107,0.5609348914858097,0.0067808272546138505,0.00570342110500881,0.7378964941569283,0.00751512879806711,0.004158558119260543,0.6043405676126878
0.001,100,33,0.050111125967293724,0.000466261486222197,0.000500373381212244,0.00046129616215338993,0.0005987699499572531,0.5058430717863105,0.00047230554243965955,0.0006132912525848974,0.679465776293823,0.0004467852852540212,0.0005070374205955532,0.6477462437395659
0.01,50,20,0.21426818582983687,0.008273222179149331,0.009182291551866341,0.007508329554768206,0.004903394520263234,0.5575959933222037,0.0071674917225453974,0.00573702159714194,0.7095158597662772,0.008208843715515134,0.003758692334694172,0.5409015025041736
0.01,50,25,0.2432134755731148,0.009105151628283514,0.010034262240417226,0.00790501431539208,0.006759652161461729,0.3806343906510851,0.00820844449286168,0.0042219752400373,0.5959933222036727,0.00918960043233321,0.00237842543101639,0.3021702838063439
0.01,50,21,0.2966406376347065,0.014133960671192047,0.015624035845692138,0.008421514807825652,0.004243188618394942,0.20701168614357263,0.008556377155402741,0.0034340624638207412,0.4073455759599332,0.009647124417334176,0.0012395446280717565,0.14858096828046743
0.01,50,22,0.23873213843980662,0.008060020643143817,0.008901717755461355,0.008277993286631652,0.005714804392052931,0.3589315525876461,0.007964366847178128,0.004649293253133585,0.5459098497495827,0.00911492547550277,0.0024442638988873477,0.32387312186978295
0.01,50,24,0.2691909327435595,0.014536730913168927,0.016035938515378646,0.008518633577924527,0.004476766128567543,0.24874791318864775,0.008677608276444594,0.0038032544672050904,0.4307178631051753,0.0095449366396704,0.0012873449615908705,0.17028380634390652
0.01,50,31,0.2281399550026426,0.010704126079812415,0.011883627252454232,0.008217910445971198,0.004400220410882186,0.4757929883138564,0.007724788623055093,0.004878553827201255,0.5993322203672788,0.008707622692399237,0.003385424835081084,0.38898163606010017
0.01,50,29,0.24356617948617823,0.011221308064058078,0.012413452240235186,0.008566663485075177,0.0041986196836401105,0.3555926544240401,0.008260306203282986,0.004587627464307145,0.5442404006677797,0.009191695692459988,0.002227142934458491,0.330550918196995
0.01,50,37,0.23622259399828477,0.01470668529899155,0.016307950933018428,0.007849191136532945,0.005363318477402597,0.42070116861435725,0.007716270456325522,0.005100657706495666,0.6143572621035058,0.008992953199209544,0.002338856009949225,0.35058430717863104
0.01,50,30,0.2354034557212632,0.0087636826722155,0.009727745633399204,0.008436780624034582,0.004293863419465551,0.4507512520868113,0.007757955860668126,0.005173008747032512,0.5809682804674458,0.00891072695667081,0.0029695986014484817,0.3672787979966611
0.01,50,32,0.22741193429386733,0.009481195092146344,0.010508758933792854,0.008441496888918485,0.004116876621727268,0.4307178631051753,0.007519423443064454,0.005621520125857166,0.6227045075125208,0.008877277977938601,0.0031872611210736305,0.39565943238731216
0.01,50,33,0.2771775187649097,0.010408525490175402,0.011484194548878316,0.008628896622027009,0.004851814118768618,0.2387312186978297,0.008516456542163259,0.004243188399380639,0.4290484140233723,0.009676248353794367,0.0010736479088975324,0.19699499165275458
0.01,50,34,0.263980890438315,0.011271237156976366,0.012451527179240226,0.008099343405151367,0.004733099874678052,0.3121869782971619,0.008190110225186426,0.004819827772931514,0.4757929883138564,0.009483009255940335,0.001698589866498755,0.2270450751252087
0.01,50,35,0.19460398635488815,0.009709762439747305,0.010719959801595206,0.0070194211201953394,0.005871717351065811,0.6310517529215359,0.006417505765986802,0.006495095037223477,0.7529215358931552,0.007099552836422003,0.004000876604063892,0.5859766277128547
0.01,50,38,0.21142745304290816,0.010107378155620517,0.011190432421189748,0.007706166516170314,0.005148901002040356,0.5392320534223706,0.006918204252523848,0.005994454825001011,0.7278797996661102,0.00833103527771808,0.002995569339547353,0.5642737896494157
0.01,50,36,0.25745886385092215,0.018139578575549098,0.020112193384448255,0.00782339420995374,0.005625827864155884,0.2854757929883139,0.007841576192421016,0.004845176678910031,0.5208681135225376,0.009279193799907133,0.0019345079812591922,0.24540901502504173
0.01,50,39,0.2856746461845855,0.011353186160633022,0.012539900633053684,0.008245981694792423,0.004344806434431879,0.2020033388981636,0.008317861716273498,0.0036869879341298204,0.4791318864774624,0.009486565826653833,0.0014764237660078432,0.19031719532554256
0.01,100,0,0.23358759294765608,0.010470023084132807,0.011618357737658187,0.008783381545157093,0.003564402734622856,0.3572621035058431,0.007575283382569879,0.005122308156904208,0.5709515859766278,0.009005778780075444,0.00247508045126627,0.333889816360601
0.01,100,3,0.2507528316513138,0.015352782595305037,0.017022968800620212,0.008733119160645016,0.003181952297756175,0.2587646076794658,0.008244181401311739,0.00469287182802806,0.48580968280467446,0.009414134871896485,0.0018449637894315113,0.27212020033388984
0.01,100,5,0.25608406945578654,0.014278511273960626,0.015819839353034357,0.009139606705931709,0.0024149883060444856,0.19198664440734559,0.008204999644814947,0.005161456590252952,0.5292153589315526,0.009104727424146235,0.002615794770875037,0.24207011686143573
0.01,100,15,0.21968006381518837,0.00983523052487928,0.010883874849464872,0.008644341840094156,0.003382440706633451,0.41402337228714525,0.0073079918095776695,0.0059211653164959075,0.67779632721202,0.008619305020567862,0.0030431098280291648,0.4791318864774624
0.01,100,9,0.21084798131975524,0.007820089567847743,0.008624603528710893,0.008279270809713508,0.004134364291039199,0.4691151919866444,0.0069516624328598816,0.005881554218290371,0.6911519198664441,0.00820608945766191,0.003989415388589546,0.5859766277128547
0.01,100,1,0.20494627771380333,0.010977236845357508,0.01215854038655786,0.007897458365912024,0.004172766994045869,0.5425709515859767,0.006975560895404769,0.005727846996570045,0.7145242070116862,0.007758905889728584,0.0034885399113799564,0.5809682804674458
0.01,100,2,0.20222333785505128,0.007786457821408688,0.00860076916297531,0.007703390479308419,0.004650156850998437,0.5509181969949917,0.007075272884708884,0.005592941859246874,0.7579298831385642,0.007673224830006864,0.0035946386094375176,0.5926544240400667
0.01,100,13,0.21847514261371007,0.01020522835701032,0.01128791539786536,0.008408451863622227,0.0032938126942870394,0.3672787979966611,0.007662958070497237,0.005709953368773247,0.656093489148581,0.008380260337299501,0.0034355797476144784,0.49081803005008345
0.01,100,10,0.21648308638430308,0.00954118777277796,0.01053018752490872,0.008260552969028931,0.003579889412264287,0.3973288814691152,0.007604553922908361,0.005323184089855769,0.6944908180300501,0.008402338683864209,0.003083721581166805,0.4991652754590985
0.01,100,6,0.2447734132366361,0.007994203422134583,0.008829410320374514,0.00880374579887572,0.003417292975675239,0.2704507512520868,0.008297215454413465,0.003960364649683141,0.5542570951585977,0.009245200327084811,0.0022661163714215596,0.2637729549248748
0.01,100,4,0.2255538997875508,0.008586829050138522,0.009492125925737087,0.008600826225321701,0.00392095058364434,0.3572621035058431,0.0075099957584242386,0.005588232401895526,0.6343906510851419,0.008839500211201423,0.0028271277540153393,0.4023372287145242
0.01,100,7,0.21665263378485833,0.008119142361480702,0.008956770612648044,0.008381055843500589,0.0038434536954197133,0.4056761268781302,0.007255572916708736,0.005299201293754311,0.7011686143572621,0.00835673435963006,0.0033158940866429305,0.5392320534223706
0.01,100,8,0.2584631736213284,0.009807593116864521,0.01081580428924947,0.008722052838432165,0.0035653100533621076,0.2003338898163606,0.008259934633817878,0.004788378467053629,0.5358931552587646,0.00925001552020636,0.0018412549238273849,0.19532554257095158
0.01,100,11,0.25265489295288107,0.010376215828282243,0.011431753160421195,0.008904960259583114,0.00229532816274428,0.20868113522537562,0.00820670691481723,0.004065117234441375,0.5258764607679466,0.009321759812707732,0.002009136169656308,0.25375626043405675
0.01,100,24,0.22382517685051107,0.012741032345012338,0.014107472240718651,0.00871801804915289,0.0028643702868799657,0.3806343906510851,0.007297505960184916,0.005394713830965824,0.6477462437395659,0.008633807816476475,0.002771725659156659,0.41569282136894825
0.01,100,12,0.25034642010779257,0.012010393096961558,0.013310067597556456,0.008727509354902723,0.003947070823986681,0.22537562604340566,0.008111474623185901,0.005581128089908755,0.5525876460767947,0.009348583292302697,0.0022201076726794796,0.2353923205342237
0.01,100,25,0.24002619789132737,0.013548503381553667,0.01497057656085496,0.008841043194827763,0.003073537885702275,0.2904841402337229,0.007959797764243758,0.004480801061816988,0.5509181969949917,0.009144931338892902,0.0022853023224173328,0.3021702838063439
0.01,100,21,0.22245163536247342,0.009261990265836073,0.0102389930128296,0.008372342740379861,0.006402633094936917,0.3973288814691152,0.0074594336309277256,0.005189215050879035,0.657762938230384,0.00854661382587884,0.003298187697353977,0.48747913188647746
0.01,100,19,0.22093533912238325,0.00878148895201697,0.009711243243866768,0.008536313235355057,0.0033820490223207805,0.41736227045075125,0.007594907059109784,0.005255017192743143,0.6844741235392321,0.00850354945463102,0.003483555347579402,0.4791318864774624
0.01,100,14,0.19872822045379174,0.008854744755877553,0.009808171660573212,0.007731156456233046,0.004656959081007331,0.5409015025041736,0.006925709785212754,0.005712505115157024,0.7712854757929883,0.007299381216274054,0.004376050584049562,0.6160267111853088
0.01,100,16,0.2226850052612482,0.008084087480210611,0.00891853985224486,0.008549772710404602,0.0034713958038095844,0.42237061769616024,0.007653907604922632,0.0048660396974282896,0.6978297161936561,0.00879726509675797,0.0032149175687445674,0.4373956594323873
0.01,100,18,0.21266853968063504,0.009454367517106432,0.010450174259646087,0.008344782239614231,0.003498229986804777,0.5058430717863105,0.007143654018847485,0.005624165717922864,0.664440734557596,0.008089537438418467,0.004371011546929273,0.5459098497495827
0.01,100,17,0.21409925557511333,0.010197130226216433,0.011277118999954563,0.008100579608396762,0.0057080438333814406,0.4757929883138564,0.007474314612989304,0.005314819427932207,0.6894824707846411,0.008433746649435504,0.0034962271390045884,0.5158597662771286
0.01,100,20,0.21597614626835,0.008760551799119332,0.009689946282360586,0.008367675623235808,0.0048032671385512685,0.42070116861435725,0.007242959330864413,0.005346869339031884,0.674457429048414,0.008507731103864304,0.003292882699893405,0.4941569282136895
0.01,100,22,0.2285024767598343,0.0084678545932938,0.0093378758999411,0.00878415325044246,0.003586553178428731,0.34390651085141904,0.007321690640017951,0.005123287115588768,0.6160267111853088,0.00882435829255833,0.0031402888150732335,0.4257095158597663
0.01,100,27,0.2601656556167831,0.01037586182640654,0.011462595748780198,0.008836854268050691,0.00390640916518242,0.17863105175292154,0.008162750499621035,0.004462749465309601,0.5058430717863105,0.009418291420190265,0.002130585004891869,0.25041736227045075
0.01,100,26,0.22824703085169085,0.012630705098735318,0.013993784133929016,0.008862581671823919,0.004146714925178884,0.3672787979966611,0.007887554192276679,0.0050216616550619,0.6010016694490818,0.008870835019505675,0.00314351850878844,0.39398998330550916
0.01,100,23,0.21740148330367795,0.009382046234978125,0.010352963943942334,0.008559299288636479,0.004090046245695484,0.4257095158597663,0.006899293727635508,0.006100917936012766,0.6861435726210351,0.008336014116051733,0.0036866803403079237,0.5125208681135225
0.01,100,28,0.2507116060078431,0.010444654955708843,0.011513505920245984,0.0088995925930828,0.0033756468639718267,0.24874791318864775,0.008355304462780908,0.003939702221724481,0.5392320534223706,0.009430706925756599,0.001822751067614271,0.2570951585976628
0.01,100,32,0.19887745169170812,0.008110731295359441,0.008972245193319616,0.007612681163132332,0.004287899734281199,0.5225375626043406,0.006705039152412955,0.005822175100223014,0.7879799666110183,0.007416172002337034,0.004378711622663472,0.6026711185308848
0.01,100,29,0.22479972749227323,0.0141258653661685,0.015654679742158978,0.008729649470439766,0.003309561027195286,0.35058430717863104,0.00763061321631471,0.00505797506417564,0.6343906510851419,0.0088270847893985,0.002798132564492426,0.4040066777963272
0.01,100,31,0.21810452918010045,0.006636732228240849,0.0073307472368116765,0.008265934344447987,0.004258995240565208,0.4590984974958264,0.007344888942633054,0.006094519249875648,0.6878130217028381,0.008722010636499146,0.0027173551983016428,0.48247078464106846
0.01,100,30,0.22623806629144164,0.010211002056462748,0.01125449302928977,0.0087554520458386,0.002925371572137075,0.39232053422370616,0.007695162352596258,0.004623983519889365,0.6410684474123539,0.008608771158047718,0.0028799643232038322,0.4357262103505843
0.01,100,33,0.2576446296022565,0.013049822067719985,0.014396320484285106,0.00891645828998269,0.0029912959337155725,0.18530884808013356,0.008338646768739024,0.0044292693213551825,0.5008347245409015,0.009450486542808372,0.0018464575569295538,0.22203672787979967
0.01,100,34,0.22366396139534664,0.008396058030206932,0.009279989325479769,0.008308940095957026,0.004146604762240266,0.3656093489148581,0.007661482643322079,0.004678006697823285,0.6176961602671118,0.008663803932672324,0.0031615303297445113,0.46410684474123537
0.01,100,35,0.2133083563294655,0.009916083791954411,0.010996134565932712,0.007977276955010748,0.005273291471198044,0.4991652754590985,0.0070920013630729785,0.006282931595854352,0.6878130217028381,0.008381482072880388,0.0030108188353768625,0.5308848080133556
0.01,100,36,0.21252554124458445,0.008880201755455841,0.009797639140127516,0.00834261585335735,0.0038409732685446476,0.4557595993322204,0.007433639280041385,0.005755298094596099,0.7028380634390651,0.008247498589996688,0.003382866316226421,0.5442404006677797
0.01,100,38,0.21752880817416337,0.009712022415483412,0.010721523546930097,0.00852087777566611,0.003646596492986754,0.41903171953255425,0.00725409859056652,0.005344739481969443,0.672787979966611,0.008494518083136811,0.0033184200050335264,0.5242070116861436
0.01,100,37,0.21613388496063993,0.008912590211476223,0.009833502527251486,0.008263460930317915,0.004764837128445321,0.48414023372287146,0.0074047273133798965,0.005490814649115351,0.6911519198664441,0.008329309172014425,0.0033415354114085683,0.4941569282136895
0.01,100,39,0.19103638742924403,0.00818830807130616,0.009100131123861517,0.006666777184279936,0.005795065450533614,0.4974958263772955,0.006796657267262451,0.005675811014154179,0.8080133555926544,0.006846933733279952,0.0047760425110338475,0.5609348914858097
